ID,日期,时间,工作类型,工作描述,持续时长(分钟)
1,2026-07-16,18:30:58,开发,正在进行代码编辑与调试工作，属于软件开发相关领域。任务涉及系统编码或逻辑验证，需确保符合项目需求并优化功能实现。当前处于开发阶段，关注技术细节与交付物质量。,1.1
2,2026-07-16,18:32:04,开发,当前正在编写或调试编程代码，涉及软件开发任务。界面显示代码编辑器，表明正在进行编码或逻辑验证环节。,5.0
3,2026-07-16,18:37:02,开发,当前正在进行代码编辑工作，涉及编程任务，可能是在进行软件开发或代码优化。,2.9
4,2026-07-16,18:39:55,开发,当前正在进行BeamNG drive软件的开发工作，主要涉及游戏模拟模型的开发和测试。具体任务包括整理项目目录、更新资源管理以及优化代码逻辑。属于技术开发方向，旨在提升游戏体验和功能实现。,0.9
5,2026-07-16,18:40:47,沟通,,0.7
6,2026-07-16,18:41:29,生活,当前正在进行的生活类消费活动，涉及商品浏览或购物。虽然不涉及直接工作任务，但其内容属于日常生活中的消费决策和体验，符合生活类别的工作类型特征。,11.1
7,2026-07-16,18:52:35,学习,当前屏幕显示教育类内容浏览界面，如在线课程或技术文章，正在进行知识获取与学习相关工作。,2.8
8,2026-07-16,18:55:22,其他,无法识别工作内容,0.6
9,2026-07-16,18:55:59,娱乐,当前正在进行娱乐活动，涉及游戏或休闲体验。界面显示快速游戏选项和卡通角色，表明侧重于休闲娱乐。任务相关为娱乐内容，进展包括游戏设置或挑战卡管理，交付物可能涉及游戏体验和设置优化。,6.3
10,2026-07-16,19:02:16,娱乐,当前正在进行娱乐类游戏活动，浏览或参与虚拟游戏界面，专注于休闲和娱乐体验。,0
11,2026-07-17,12:18:56,开发,当前正在进行代码编辑工作，专注于软件开发相关的编程任务。屏幕显示Python代码编辑器，涉及程序逻辑和模块开发，可能属于软件开发的日常开发环节。进度显示代码正在更新或调试中，符合开发类工作的典型特征。,3.1
12,2026-07-17,12:22:05,开发,当前正在进行软件开发活动，正在编辑和调试代码编辑器中的Python项目。涉及的任务是编码逻辑和功能实现，属于技术文档开发范畴。,183.4
13,2026-07-17,15:25:28,开发,正在进行代码编辑工作，涉及Python程序的开发或维护。屏幕显示代码编辑器，包含编程相关的代码块和任务管理器界面，表明处于软件开发或技术开发的阶段。,38.7
14,2026-07-17,16:04:10,开发,当前正在进行代码编写或调试工作，界面显示Python和JavaScript代码编辑器，涉及软件开发相关的任务。,4.1
15,2026-07-17,16:08:15,开发,当前正在进行代码开发工作，涉及Python脚本编写和代码编辑。屏幕显示了代码编辑器，包含编程相关内容，可能属于软件开发或系统实现的任务.,99.9
16,2026-07-17,17:48:10,开发,屏幕显示代码编辑器和问题分析界面，正在进行编程相关的工作。具体分析了main_fluentpy.py文件，可能涉及代码调试或性能分析。工作类型为软件开发，当前处理代码分析和维护任务。,42.4
17,2026-07-17,18:30:34,开发,当前正在进行代码编辑工作，属于软件开发或编程领域。屏幕显示Python代码编辑器，表明正在处理代码逻辑或进行软件测试。相关任务可能涉及项目开发、更新或系统优化。,117.0
18,2026-07-17,20:27:31,其他,无法识别工作内容,107.0
19,2026-07-17,22:14:31,开发,当前正在进行代码编辑工作，涉及Python编程，属于软件开发相关的开发类任务。屏幕显示代码编辑器、版本控制界面和浏览器访问技术资源，表明聚焦于编码或系统开发活动。,50.1
20,2026-07-17,23:04:40,管理,当前正在进行的工作是记录日常事务的日报分析，涉及项目管理与任务规划。虽然界面显示为分析报告，但内容关联于常规事务安排和效率优化，符合管理类工作重点。,0
21,2026-07-17,23:16:03,开发,当前正在进行代码编辑与调试工作，屏幕显示编码环境（如IDE），涉及软件开发或系统维护任务。界面中存在代码片段及调试工具窗口，表明对编程逻辑的验证或实现细节处理。属于软件开发类工作，需关注代码质量和功能完善度。,1.0
22,2026-07-17,23:17:03,开发,正在进行代码编辑工作，专注于开发相关软件或应用程序的编码。屏幕显示包含编程语言的代码编辑器，表明涉及技术实现和开发任务。,1.0
23,2026-07-17,23:18:03,沟通,当前正在进行团队沟通活动，涉及项目讨论和公告更新。工作主题聚焦于信息同步与协作效率提升，关注任务相关沟通需求，确保团队协作顺畅。,1.0
24,2026-07-17,23:19:03,开发,当前正在进行软件开发工作，屏幕显示代码编辑器界面，表明在编码或调试相关程序。右侧页面涉及技术文档讨论，与开发任务中的需求分析或设计相关。,1.0
25,2026-07-17,23:44:07,娱乐,当前正在进行的工作类型为娱乐类，涉及游玩游戏《Atomic Heart》。屏幕显示游戏界面，表明正在享受娱乐内容。,10.4
26,2026-07-17,23:54:31,开发,当前正在进行代码编写或调试工作，基于屏幕中的代码编辑器界面显示编程相关任务。涉及软件开发环节，可能包括模块开发和逻辑验证。,0.9
27,2026-07-17,23:55:24,开发,正在进行编程开发相关工作，重点查看或编写代码。左侧代码编辑器显示正在处理的软件代码，右侧浏览器可能用于访问相关技术资源或项目页面。当前任务涉及软件开发或技术实现，属于编码与开发环节。,0.9
28,2026-07-17,23:56:16,其他,无法识别工作内容,0
29,2026-07-18,17:22:55,开发,当前正在进行代码编写或调试工作，属于软件开发相关活动。屏幕显示编码编辑器，表明涉及编程任务，符合开发类工作的特征。,1.0
30,2026-07-18,17:23:57,开发,当前正在进行软件开发或编程相关工作，屏幕显示代码编辑器界面，可能涉及代码编写、调试或技术文档处理。工作窗口中的文档分析助手表明正在进行技术需求分析或代码审查，属于编码和项目管理领域。,0
31,2026-07-18,17:26:48,娱乐,正在进行浏览娱乐类视频内容，包括观看短视频或多媒体材料，用于休闲或信息获取。任务聚焦于娱乐性内容消费，进展为当前在线视频内容的查看与吸收。,1.0
32,2026-07-18,17:32:24,开发,当前正在进行开源项目开发相关工作，涉及代码管理和技术工具的使用。分析屏幕内容显示开源项目链接及相关工具界面，表明专注于软件开发或工程优化任务,1.0
33,2026-07-18,17:34:24,开发,当前正在进行代码编辑工作，专注于编程或软件开发任务，显示Python环境下的代码编辑器界面。,1.0
34,2026-07-18,17:35:24,开发,当前正在进行代码编写或编程相关的工作，屏幕显示代码编辑器界面，涉及软件开发或技术实施。,1.0
35,2026-07-18,17:36:24,学习,当前正在进行学习相关技术内容的整理与查阅，包括查看技术更新说明和教程演示。属于学习类工作，关注技术文档和网络资源以获取知识进展。,1.0
36,2026-07-18,17:38:24,开发,屏幕显示代码编辑器界面，表明正在进行编程或软件开发工作。用户可能在处理代码更新、调试或编写相关项目，涉及技术栈如Python。此活动属于开发类别，关注编码与逻辑实现。,1.0
37,2026-07-18,17:39:24,开发,屏幕显示代码编辑器，表明正在进行软件开发相关的活动。当前任务涉及编程或编码，符合开发类工作的特征。,1.0
38,2026-07-18,17:40:24,学习,,1.0
39,2026-07-18,17:42:24,开发,屏幕显示代码编辑器（IntelliJ Typer），表明正在进行软件开发或编程相关工作。当前任务涉及编码或项目管理，关注技术细节和代码版本控制。可识别的进展包括代码编辑和操作，符合开发类工作的特征。,1.0
40,2026-07-18,17:43:24,娱乐,屏幕显示浏览Bilibili网站及观看视频内容，表明正在进行娱乐相关活动。工作任务涉及休闲娱乐，如浏览和观看多媒体内容，进展包括参与娱乐性内容的消费与评估。,1.0
41,2026-07-18,17:44:24,开发,当前正在进行软件开发相关工作，涉及代码编辑和项目管理。屏幕显示可能与编程或在线开发工具相关，需核对代码库或完成前端/后端开发任务。,1.0
42,2026-07-18,17:45:24,开发,屏幕显示编程环境，表明正在进行代码开发工作。可能涉及代码编辑、调试或相关技术任务，属于软件开发领域。,1.0
43,2026-07-18,17:46:24,设计,当前正在进行设计类工作，涉及图形界面设计或UI/UX设计。屏幕显示设计工具窗口，可能用于处理设计稿或原型设计相关任务。,1.0
44,2026-07-18,17:48:24,娱乐,当前正在进行的工作类型为娱乐类，正在浏览或观看娱乐视频内容，如B站上的教育或娱乐视频。该活动涉及获取信息或享受休闲内容，属于休闲娱乐范畴。,1.0
45,2026-07-18,17:49:24,开发,当前正在进行的工作属于开发类，屏幕显示了集成开发环境（IDE）IntelliJ，表明用户在编码或调试代码。相关页面可能涉及软件开发项目，包括版本控制或编程任务进展。,53.2
46,2026-07-18,18:42:38,开发,屏幕显示代码编辑器界面，包含大量编程语言和代码编辑内容，表明正在进行软件开发或编程相关的工作。当前任务涉及编码或调试，属于技术开发环节,0
47,2026-07-18,18:46:49,娱乐,当前正在进行娱乐活动，如浏览和播放音乐播放列表中的歌曲，属于休闲娱乐性质的工作。,145.2
48,2026-07-18,21:12:00,其他,无法识别工作内容,0.6
49,2026-07-18,21:12:35,其他,当前处于Bilibili视频平台页面，显示多个技术相关视频内容（如编程、硬件、项目案例等），页面为视频推荐列表，系统正在对当前屏幕进行截图分析，具体工作内容未明确执行。,1.8
50,2026-07-18,21:14:20,其他,无法识别工作内容,0.3
51,2026-07-18,21:14:41,其他,无法识别工作内容,1.5
52,2026-07-18,21:16:10,开发,屏幕显示代码编辑器，正在进行编程工作，涉及Python代码编写或调试。任务属于软件开发环节，重点在于编码和逻辑处理。当前正在进行的具体工作任务是整理或实施代码模块，相关进展包括代码编辑和版本管理。,0.9
53,2026-07-18,21:17:06,设计,当前正在进行的设计相关工作，涉及QufluentWidgets页面和设计师界面，可能专注于UI/UX设计或产品原型设计。屏幕显示设计工具窗口，表明在整理或沟通与设计相关的任务需求。,1.4
54,2026-07-18,21:18:31,其他,无法识别工作内容,3.6
55,2026-07-18,21:22:08,其他,无法识别工作内容,3.1
56,2026-07-18,21:25:14,其他,无法识别工作内容,3.1
57,2026-07-18,21:28:20,其他,无法识别工作内容,2.4
58,2026-07-18,21:30:44,开发,当前正在使用代码编辑器（VS Code）编写与图像识别（调用GLM API识别截图内容）相关的Python代码，过程中遇到分析失败（错误代码429，提示访问量过大），正在处理图像处理与API调用相关的开发任务，属于代码调试与功能实现阶段。,0
59,2026-07-18,21:32:14,其他,无法识别工作内容,1.8
60,2026-07-18,21:33:59,其他,无法识别工作内容,1.2
61,2026-07-18,21:35:12,其他,无法识别工作内容,0.6
62,2026-07-18,21:35:46,其他,无法识别工作内容,2.1
63,2026-07-18,21:37:54,其他,无法识别工作内容,2.1
64,2026-07-18,21:39:59,其他,无法识别工作内容,1.3
65,2026-07-18,21:41:18,其他,无法识别工作内容,2.3
66,2026-07-18,21:43:34,开发,正在使用代码编辑器（VS Code）编写Python程序，代码中包含工作日报助手的截图分析相关函数，涉及调用GLM API识别工作类型和描述，当前处于代码编写或调试阶段，处理与截图分析相关的功能开发。,48.1
67,2026-07-18,22:31:39,开发,正在开发一个包含数据可视化组件（如饼状图、条形图）的Python项目，任务是为切换按钮添加功能，实现时长与百分比显示的切换，当前处于代码编写与功能实现阶段，界面同时显示代码编辑器和辅助工作日报分析工具，用于跟踪开发进展和需求实现。,0
68,2026-07-18,23:47:29,开发,正在编辑Python代码文件（main_fluent.py），处理图表模式切换逻辑，包括按钮文本更新、容器可见性控制等代码实现，并进行语法检查以验证代码正确性，属于软件开发中的代码编写与调试任务。,1.0
69,2026-07-18,23:48:29,开发,正在开发软件功能，具体任务是在设置页面添加测试模式，要求启用时保存截图到指定文件夹并命名。当前正在修改screenshot.py文件，准备添加测试模式配置和截图保存逻辑，同时调整main_fluent.py的设置页面以包含切换开关。已定位到配置变量部分，准备实现截图保存功能。,1.0
70,2026-07-18,23:49:29,开发,正在编辑Python脚本`screenshot.py`，处理测试模式下的截图保存功能，修改相关函数以实现截图文件保存逻辑，涉及调整`run_and_store`等函数的代码实现。,1.0
71,2026-07-18,23:51:29,开发,正在编辑screenshot.py文件，实现截图保存逻辑并处理测试模式相关功能，属于软件开发任务，当前进展包括为run_and_store_with_interval函数添加截图保存代码，同时规划在设置页面添加测试模式切换功能。,1.0
72,2026-07-18,23:52:29,开发,正在编辑Python代码文件，任务是为run_and_store_with_interval函数添加截图保存逻辑，并更新main_fluent.py的导入语句以包含测试模式相关功能，属于软件开发中的代码实现与功能扩展工作。,1.0
73,2026-07-18,23:53:29,开发,正在使用代码编辑器编辑Python文件，任务是在项目中添加测试模式切换功能。具体进展包括在`screenshot.py`中实现测试模式下的截图保存逻辑，并在`main_fluent.py`中更新导入语句以支持测试模式相关功能。属于软件开发中的功能实现任务。,1.0
74,2026-07-18,23:54:29,开发,当前正在编辑Python代码文件（main_fluent.py），任务是为SettingsPage类添加测试模式相关的方法（如onTestModeChanged和updateTestStatus），正在寻找合适的插入位置，并计划在testOllamaConnection方法之后添加这些方法，属于软件开发中的代码实现任务。,1.0
75,2026-07-19,18:24:21,开发,当前正在开发工作日报助手应用，代码编辑器中包含图像处理、AI识别相关代码（如cv2、ollama等库），同时运行的应用界面正在进行截图分析，属于项目开发中的功能实现与测试阶段，聚焦于图像识别与工作类型分类功能开发。,0
76,2026-07-20,22:16:58,开发,正在代码编辑器中编写/调试代码，界面显示Python代码文件（如template.py、main_fluent.py等），属于软件开发任务，正在进行代码编写或调试，可能涉及项目功能开发，工作日报助手窗口用于记录工作内容，当前截图分析因模型访问量过大失败。,0
77,2026-07-21,16:05:50,开发,正在编辑代码文件（main_fluent.py），属于软件开发任务，当前页面显示代码编辑器界面，同时打开工作日报助手进行工作内容整理，过程中遇到模型访问量过大导致分析失败。,7.6
78,2026-07-21,16:13:26,开发,正在编辑Python代码文件（如main_fluent.py），属于软件开发任务，代码中包含重试装饰器等函数逻辑编写，处于编码或调试阶段，属于软件开发方向的工作内容。,0.3
79,2026-07-21,16:13:45,开发,正在编辑Python代码文件（如main_fluent.py），属于软件开发任务，代码中包含重试装饰器等函数逻辑编写，处于编码或调试阶段，属于软件开发方向的工作内容。,0.4
80,2026-07-21,16:14:07,开发,正在编辑Python代码文件（如main_fluent.py），属于软件开发任务，代码中包含重试装饰器等函数逻辑编写，处于编码或调试阶段，属于软件开发方向的工作内容。,0.4
81,2026-07-21,16:14:32,开发,正在编辑Python代码文件（如main_fluent.py），属于软件开发任务，代码中包含重试装饰器等函数逻辑编写，处于编码或调试阶段，属于软件开发方向的工作内容。,0.2
82,2026-07-21,16:14:47,开发,正在编辑Python代码文件（如main_fluent.py），属于软件开发任务，代码中包含重试装饰器等函数逻辑编写，处于编码或调试阶段，属于软件开发方向的工作内容。,1.4
83,2026-07-21,16:16:14,沟通,当前正在使用微信（聊天工具）浏览工作相关的公众号文章，获取行业资讯或项目相关信息，属于工作沟通与信息获取环节。,0
84,2026-07-22,10:55:09,开发,当前正在使用代码编辑器（VS Code）编写或调试Python代码，属于软件开发工作，代码内容涉及导入系统模块、处理系统路径等，可能是在开发工作日报助手相关功能。,2.3
85,2026-07-22,10:57:26,开发,当前正在使用代码编辑器（VS Code）编辑Python代码，代码内容涉及数据同步模块（与服务器同步数据），包含API配置、登录状态文件处理等逻辑，处于代码编写或调试阶段，属于软件开发工作。,7.3
86,2026-07-22,11:04:42,开发,正在使用代码编辑器（VS Code）编写/调试Python代码，屏幕显示代码内容涉及数据同步模块，终端输出运行结果，属于软件开发任务。,1.1
87,2026-07-22,11:05:49,开发,正在使用代码编辑器（VS Code）编写/调试Python代码，屏幕显示代码内容涉及数据同步模块，终端输出运行结果，属于软件开发任务。,0
88,2026-07-22,11:09:24,开发,当前正在使用代码编辑器（VS Code）编写/调试Python代码，屏幕显示代码内容涉及数据同步模块，终端输出运行结果，属于软件开发任务，具体是工作日报助手的开发，处理数据同步相关逻辑。,1.0
89,2026-07-22,11:10:24,开发,当前正在使用代码编辑器（VS Code）编写/调试Python代码，屏幕显示代码内容涉及数据同步模块（与服务器同步数据），终端输出运行结果，正在处理代码逻辑和调试工作，属于软件开发中的代码编写与调试任务。,1.0
90,2026-07-22,11:11:24,开发,正在使用代码编辑器（VS Code）编写Python代码，开发数据同步模块，与服务器同步数据，终端显示代码运行结果和日志，涉及登录邮箱获取、工作记录同步等功能开发。,1.0
91,2026-07-22,11:12:24,开发,当前正在使用代码编辑器（VS Code）编写/调试Python代码，处理用户数据同步逻辑，具体任务是对用户详情进行更新，包括今日生成报告数量、总记录条数等字段的增量更新，属于软件开发中的后端功能实现工作，当前正在编写相关代码逻辑，涉及API调用、文件读写等操作，以实现用户数据的同步更新。,1.3
92,2026-07-22,11:13:41,开发,正在使用代码编辑器（VS Code）编写和调试Python脚本，内容涉及数据同步模块，包括从服务器获取登录邮箱信息并同步工作记录，属于软件开发中的代码编写与功能实现任务。,0
93,2026-07-22,11:14:39,开发,当前正在开发Web应用的后台管理系统，具体任务是在编辑用户详情页面的HTML文件，修改header部分的HTML结构，并计划添加refreshData和goBack JavaScript函数，以实现页面功能。左侧显示用户管理后台界面，包含用户列表等模块，右侧为代码编辑器，展示user_detail.html的代码内容，正在处理前端页面开发与功能实现。,1.0
94,2026-07-22,11:15:39,开发,当前正在开发Web应用的后台管理系统，具体任务是在编辑用户详情页面的HTML文件，修改header部分的HTML结构，并计划添加refreshData和goBack JavaScript函数以实现页面功能。左侧显示用户管理后台界面，包含用户列表等模块，右侧为代码编辑器，展示相关代码内容，正在处理前端页面开发与功能实现。,1.0
95,2026-07-22,11:16:39,开发,当前正在开发Web应用的后台管理系统，具体任务是在编辑用户详情页面的HTML文件，修改header部分的HTML结构，并计划添加refreshData和goBack JavaScript函数以实现页面功能。同时，在代码编辑器中修改相关代码，更新版本号为v0.25。,1.0
96,2026-07-22,11:17:39,开发,正在使用代码编辑器编写和调试Python后端代码，涉及数据同步模块开发。通过AI助手辅助排查用户数据目录创建、登录状态文件读取等问题，分析代码中函数调用逻辑，处理工作记录同步功能。,1.0
97,2026-07-22,11:18:39,开发,正在使用代码编辑器（VS Code）编写和调试Python代码，处理用户数据同步功能。具体任务涉及用户邮箱验证，当用户不存在时自动创建用户记录，并修复相关函数逻辑。通过AI助手辅助检查和修复代码中的问题（如`add_user_record`函数的用户注册逻辑错误），当前进展包括分析代码逻辑、定位问题并修改代码，准备实现用户自动创建功能以支持数据同步。,1.0
98,2026-07-22,11:19:39,开发,正在使用代码编辑器（VS Code）编写Python后端代码，实现用户工作记录添加及每日总结更新功能，涉及数据处理、文件写入等逻辑开发，当前处于代码编写与调试阶段。,1.0
99,2026-07-22,11:20:39,开发,正在编辑后端API代码，处理用户详情查询逻辑，涉及用户数据读取、统计信息计算（如专注时长、工作类型时长等），并处理用户不存在的情况，当前处于代码调试阶段（终端显示文件打开错误，需检查项目文件路径或依赖）。任务属于后端Web开发方向，目的是完善用户管理相关的API接口，实现用户数据获取与统计信息计算功能。,1.0
100,2026-07-22,11:21:39,开发,正在使用代码编辑器（VS Code）编写或调试后端代码，具体为处理用户详情查询接口，涉及用户数据读取、统计信息更新等逻辑，属于后端功能开发任务，当前正在进行代码编写与版本控制操作。,1.0
101,2026-07-22,11:22:39,开发,正在开发一个工作日记辅助工具，当前正在编写处理用户详细信息的后端代码，涉及数据读取、用户状态更新及API接口实现逻辑。,1.0
102,2026-07-22,11:23:39,开发,正在开发一个工作日记辅助工具，当前正在编写处理用户详细信息的后端代码，涉及数据读取、用户状态更新及API接口实现逻辑。终端显示每日工作记录同步日志，表明正在进行代码编写与版本控制操作。,1.0
103,2026-07-22,11:24:39,管理,正在访问管理后台，查看用户管理相关数据，包括总用户数、正常用户、禁用用户的统计信息，以及用户列表内容，进行用户管理相关的工作。,1.0
104,2026-07-22,11:25:39,开发,正在开发一个工作日记辅助工具，当前正在编写处理用户详细信息的后端代码，涉及数据读取、用户状态更新及API接口实现逻辑。终端显示每日工作记录同步日志，表明正在进行代码编写与版本控制操作。,0.7
105,2026-07-22,11:26:20,开发,正在使用代码编辑器（VS Code）编写和调试Python脚本，内容涉及数据同步模块，包括从服务器获取登录邮箱信息并同步工作记录，属于软件开发中的代码编写与功能实现任务。,0
106,2026-07-22,11:26:39,开发,正在使用代码编辑器（VS Code）编写和调试Python脚本，内容涉及数据同步模块，包括从服务器获取登录邮箱信息并同步工作记录，属于软件开发中的代码编写与功能实现任务。,1.0
107,2026-07-22,11:27:39,开发,当前正在处理开发任务，具体是检查API接口返回的数据格式，排查服务器上用户数据显示为0的问题，通过命令行工具验证服务器数据结构，分析用户数据是否存在及文件结构是否正确，属于开发中的技术问题排查工作。,1.0
108,2026-07-22,11:28:39,开发,正在检查API接口返回的数据格式及服务器上的用户数据结构，排查用户数据显示异常（服务器有数据但显示为0）的问题，通过Shell命令查看文件目录和用户数据文件内容进行分析。,1.0
109,2026-07-22,11:29:40,开发,正在处理用户数据相关的技术问题，通过检查API接口返回的数据格式和服务器数据结构，验证用户数据展示异常的原因，属于开发过程中的调试任务。,1.0
110,2026-07-22,11:30:40,开发,正在处理用户数据相关的系统开发任务，涉及检查服务器数据结构、修改记录统计模块为生成报告记录统计，并调整模块位置及新增历史报告查看功能，同时准备实现数据上传接口。,1.0
111,2026-07-22,11:31:40,开发,当前正在处理AI日报助手介绍网站设计的开发任务，具体包括修改用户详情页面（将记录统计模块调整位置并重命名），新增'查看历史报告'模块，创建报告上传API接口，以及更新相关HTML文件，推进项目的技术实现。,1.0
112,2026-07-22,11:32:39,其他,无法识别工作内容,1.0
113,2026-07-22,11:33:40,开发,正在编写用户详情页面的前端代码，涉及用户数据加载、页面渲染及错误处理逻辑，属于Web应用用户界面开发任务。,1.0
114,2026-07-22,11:34:39,开发,当前正在开发用户详情页面相关功能，具体任务是在app.py中添加报告相关的API接口（如上传报告、获取用户报告列表等），并已根据步骤完成部分接口添加，当前处于代码调试或实现阶段，涉及HTML代码编写和API集成工作。,1.0
115,2026-07-22,11:35:39,开发,当前正在代码编辑器中处理项目代码，具体任务是与报告生成及自动上传相关的功能开发，包括添加服务器端接口和客户端同步函数，以实现生成报告后自动上传至服务器。,1.0
116,2026-07-22,11:36:39,开发,正在处理报告生成后自动上传到服务器的功能开发，涉及服务器端接口（/api/user/report-generated）和客户端同步函数（sync_report_generated()）的添加与验证，检查代码逻辑正确性并测试同步时机与后台数据更新。,1.0
117,2026-07-22,11:37:39,开发,正在处理代码实现与服务器接口同步任务，验证代码正确性并检查服务器端接口是否正确，涉及同步机制和报告上传逻辑的调试，包括客户端与服务器端的接口调用及报告数量更新等。,1.0
118,2026-07-22,11:38:40,开发,正在开发报告生成与同步功能，涉及编写代码以实现客户端生成报告后自动调用服务器接口，并更新报告数量。当前正在调试同步逻辑，检查服务器端接口定义，并在代码中添加上传报告的函数，同时验证管理后台数据更新情况。,1.0
119,2026-07-22,11:39:39,文档,当前正在文件资源管理器中查看位于report文件夹下的多个Markdown格式的日报文件，内容为工作记录文档，可能用于整理或查阅历史工作日志。,1.0
120,2026-07-22,11:40:40,开发,正在编辑Python代码，处理报告同步功能，修改onGenerationFinished方法以添加上传报告内容的逻辑，涉及API调用和异常处理，属于项目中的后端开发任务。,1.0
121,2026-07-22,11:41:40,开发,正在编辑Python代码文件（如api_sync.py和main_fluent.py），处理报告内容上传逻辑，属于软件开发任务，当前在实现或调试上传报告的代码功能。,1.0
122,2026-07-22,11:42:39,开发,正在开发一个包含报告自动上传功能的Python项目，已修改api_sync.py文件，添加upload_report()函数实现通过API上传报告内容，并在UI/main_fluent.py中添加报告生成后自动上传的逻辑，代码运行验证通过。,1.0
123,2026-07-22,11:43:39,开发,当前正在使用代码编辑器（VS Code）开发Python程序，代码内容涉及用户报告上传功能，包括报告生成、数据验证（如邮箱、内容是否为空）、用户处理（不存在时创建用户）以及文件夹创建等逻辑，属于后端开发任务，正在编写或调试与用户报告管理相关的功能模块。,1.0
124,2026-07-22,11:44:39,开发,正在使用代码编辑器（VS Code）编写或调试与报告上传相关的Python代码，涉及处理用户上传报告的逻辑，包括参数验证、用户文件夹创建、报告文件夹生成等步骤，当前代码中存在调试提示（如未定义的load_user_details和save_user_details函数），正在进行功能实现或问题修复工作。,1.0
125,2026-07-22,11:45:40,开发,当前正在使用代码编辑器（VS Code）编写后端代码，具体任务是实现用户上传报告的功能，包括数据验证（检查邮箱、内容等参数）、用户不存在时的自动创建、用户文件夹管理以及报告文件夹的创建等逻辑，属于后端开发中的API接口实现。,1.0
126,2026-07-22,11:46:39,文档,当前正在编辑《算法设计与分析》课程论文文档，文档内容为论文正文，包含个人对算法设计与分析的认识、学习经历等，处于论文内容编写阶段。,1.0
127,2026-07-22,11:47:40,开发,正在使用代码编辑器（VS Code）编辑Python代码，涉及报告生成和用户报告上传功能开发，代码中包含报告生成逻辑、用户报告上传处理（如邮箱验证、内容处理、用户文件夹创建等），同时通过终端执行Git操作，当前遇到GitHub连接问题（无法访问Git仓库，提示连接超时）,1.0
128,2026-07-22,11:48:39,开发,正在使用代码编辑器（VS Code）编辑Python代码，内容涉及报告上传、用户报告获取等功能实现，同时终端显示Git操作，属于后端开发任务，正在处理报告管理相关的功能开发。,1.0
129,2026-07-22,11:49:39,开发,正在使用代码编辑器（VS Code）编写Python代码（涉及upload_report函数），同时参考文档中的编程题目描述（包括测试用例、输入输出格式等），属于编程开发任务，正在处理与上传报告相关的代码实现，参考题目要求进行开发。,1.0
130,2026-07-22,11:50:39,开发,正在编辑Python代码，实现上传报告功能，包含文件操作和数据处理逻辑，通过终端执行Git版本控制命令进行代码管理，属于软件开发中的功能开发任务。,1.0
131,2026-07-22,11:51:39,开发,正在使用代码编辑器（VS Code）编写Python代码（涉及upload_report函数），同时参考文档中的编程题目描述（包括测试用例、输入输出格式等），属于编程开发任务，正在处理与上传报告相关的代码实现，参考题目要求进行开发。代码中包含文件操作、数据处理逻辑，并通过终端执行Git版本控制命令进行代码管理，属于后端开发中的功能开发任务。,1.0
132,2026-07-22,11:52:40,开发,当前正在编写或调试后端代码，实现电话号码定位相关的报告上传功能，涉及用户报告数据存储和处理逻辑。,1.0
133,2026-07-22,11:53:39,开发,正在使用代码编辑器（如VS Code）编写或调试与报告上传功能相关的代码，属于软件开发任务，当前正在处理函数逻辑或相关代码实现。,1.0
134,2026-07-22,11:54:39,开发,当前正在使用代码编辑器（如VS Code）编写或调试代码，界面显示有函数定义（如`upload_report()`）及相关代码内容，属于软件开发任务，可能涉及数据处理或报告上传功能开发。,1.0
135,2026-07-22,11:55:39,开发,正在使用代码编辑器编写代码，具体任务为实现上传报告的函数，属于软件开发工作，当前处于代码编写阶段，可能涉及数据处理或文件上传逻辑。,1.0
136,2026-07-22,11:56:39,开发,正在代码编辑器中编写或调试代码，实现报告上传功能，涉及文件路径处理、元数据生成等逻辑，属于软件开发任务，当前处于功能实现阶段。,1.0
137,2026-07-22,11:57:39,开发,正在编写或调试与报告上传相关的Python代码，涉及文件路径处理、元数据填充等开发任务，属于软件开发方向，当前代码中定义了upload_report函数，处理报告文件的路径生成、元数据内容设置等逻辑。,1.0
138,2026-07-22,12:16:51,开发,当前正在开发工作日报助手，具体任务为数据同步模块开发及前端页面修改，涉及API接口调用与功能实现，属于软件开发工作。,1.0
139,2026-07-22,12:17:51,产品,正在处理工作日报助手的报告统计功能修复任务，内容涉及修复生成报告记录统计的问题，包括新增相关字段、区分数据来源等，属于产品开发中的需求分析和文档整理工作，已完成修复报告记录统计及活动时间线分页两个任务。,1.0
140,2026-07-22,12:18:51,开发,当前正在开发环境中处理代码，具体任务是修复报告记录统计功能，并更新活动时间线分页模块，属于软件开发中的代码调试与文档同步工作。,1.0
141,2026-07-22,12:19:51,开发,正在处理AI日报助手网站的开发任务，包括修复生成报告记录统计功能（解决之前显示截图记录数量而非AI报告数量的问题，新增今日和总生成报告数字段，区分记录和报告数据来源），以及实现活动时间线分页功能（每页15条记录，底部分页导航等），同时查看相关代码和文档进行开发。,1.0
142,2026-07-22,12:20:51,开发,正在GitHub代码仓库页面操作，任务为修复生成报告记录统计，涉及代码编辑与版本控制，当前正在处理代码内容以解决之前显示的截图记录数量与AI报告数量不符的问题，新增相关字段并区分数据类型。,1.0
143,2026-07-22,12:21:51,开发,正在处理GitHub代码仓库的代码和文档，具体任务包括修复报告记录统计相关代码（如新增字段、区分数据类型等），同时进行文档更新，属于Web开发项目中的功能修复与文档维护工作。,1.0
144,2026-07-22,12:22:51,开发,正在开发绿豆蛙日报助手，处理报告统计相关代码与文档修改，包括修复生成报告记录统计的逻辑（涉及区分截图记录与AI报告数量，新增今日/总生成报告数字段及数据源统计），以及新增活动时间线分页功能（每页15条记录、底部分页导航等）。,1.0
145,2026-07-22,12:23:51,开发,正在处理软件功能开发任务，具体包括修复生成报告记录统计的问题（区分截图记录数与AI报告数，新增今日生成报告数和总生成报告数字段，区分记录数来源和报告数来源），以及新增活动时间线分页功能（每页15条记录，底部分页导航等），并执行重新部署命令。,1.0
146,2026-07-22,12:24:51,开发,正在通过AI日报助手处理网站登录注册页面的开发任务，涉及查看登录界面模板、修改主页添加登录注册按钮、创建绿色系登录注册页面等具体开发步骤，任务列表包含多个开发相关待办项，如查看模板、修改按钮样式、实现用户登录注册逻辑等，属于前端网站开发工作。,1.0
147,2026-07-22,12:25:51,开发,当前正在使用代码编辑器（VS Code）编写CSS样式代码，任务是为登录注册页面设计样式，使用绿色系配色，属于前端开发工作。,1.0
148,2026-07-22,12:26:51,开发,当前正在使用代码编辑器编写Python后端代码，处理用户登录状态管理、用户数据读取及统计计算逻辑，属于「AI日报助手介绍网站」的后端开发任务，正在实现用户个人页面数据渲染等功能。,1.0
149,2026-07-22,12:27:51,开发,当前正在编辑Python代码文件（app.py），任务涉及修改登录API以设置session，更新用户登录后的状态，并创建用户个人信息页面。已探索登录API相关代码，正在处理登录后用户状态管理及页面路由等开发任务。,1.0
150,2026-07-22,12:28:51,开发,当前正在使用代码编辑器开发网站项目，具体任务涉及修改登录API逻辑，包括处理用户登录时的session设置、更新用户信息等，同时参考任务列表（如登录界面模板、登录注册按钮等）推进开发工作，代码中包含路由定义、静态文件处理及登录响应逻辑。,1.0
151,2026-07-22,12:29:51,开发,正在使用代码编辑器（VS Code）编写或调试一个用户上传报告的API接口代码，处理数据参数验证、用户文件夹创建、报告文件夹生成及文件命名等逻辑，属于后端开发任务，专注于报告上传功能的实现细节。,1.0
152,2026-07-22,12:30:51,开发,当前正在使用代码编辑器（VS Code）进行开发工作，界面中可见多个代码文件，同时浏览器打开了一个登录/注册页面，可能涉及Web应用的用户认证模块开发或测试。,1.0
153,2026-07-22,12:31:51,开发,正在进行用户登录注册功能的代码调试，左侧显示Python代码中出现的NameError错误（'redirect'未定义），右侧文档记录了功能实现的新增内容，包括主页添加登录注册按钮、登录注册页面、用户个人中心等模块的详细说明，属于软件开发过程中的问题排查与文档整理工作。,1.0
154,2026-07-22,12:32:51,沟通,正在使用即时通讯工具处理工作群聊中的技术讨论，内容涉及代码相关议题，用于协作或解决问题。,1.0
155,2026-07-22,12:33:51,开发,正在调试代码，解决导入redirect未定义的错误，属于项目后端开发任务，正在修改app.py文件，添加必要导入语句并执行部署命令。,1.0
156,2026-07-22,12:34:51,开发,正在使用代码编辑器编写网页前端代码，当前编辑的是登录页面的CSS样式文件，涉及表单元素样式调整，属于网站开发中的前端样式实现任务。,1.0
157,2026-07-22,12:35:51,开发,正在使用代码编辑器（VS Code）编写Python后端代码，实现报告生成和上传功能，并进行版本控制操作（如Git命令执行），属于后端开发相关工作。,1.0
158,2026-07-22,12:39:51,开发,正在使用代码编辑器进行后端开发，具体实现报告上传功能，涉及数据验证、用户文件夹创建等逻辑，同时通过终端执行Git操作，当前遇到GitHub网络访问错误,1.0
159,2026-07-22,12:40:51,开发,正在编辑Python后端代码，开发用户报告上传功能，涉及参数验证（邮箱、内容等）、用户文件夹创建等逻辑，并通过终端执行Git操作管理代码版本。,1.0
160,2026-07-22,12:42:51,开发,正在使用代码编辑器编写C++代码，实现工作流程相关函数（如work、dfs等），并通过终端执行Docker相关命令进行项目构建与部署，属于软件开发过程中的编码与部署任务。,1.0
161,2026-07-22,12:43:51,开发,正在GitHub上操作代码仓库（登录演示相关项目）的克隆操作，准备获取项目代码，属于前端Web开发相关的代码获取与版本控制任务，当前处于选择克隆方式并复制仓库URL的步骤，为后续本地开发或学习做准备。,1.0
162,2026-07-22,12:44:51,开发,正在通过浏览器搜索并阅读关于解决腾讯云服务器无法连接GitHub的技术文章，用于排查和解决代码中与GitHub的连接问题，属于技术方案研究与问题排查任务。,1.0
163,2026-07-22,12:45:51,开发,正在使用代码编辑器（VS Code）编写和调试C++程序，代码涉及深度优先搜索等算法实现，当前终端显示网络连接超时等错误信息，正在处理程序逻辑或网络相关调试问题。,1.0
164,2026-07-22,12:46:51,开发,正在使用代码编辑器（VS Code）编写C++程序，代码中包含深度优先搜索（DFS）逻辑，处理输入的字符串数组，并执行主函数逻辑，可能是在完成一个竞赛题目（如2026冬季竞赛）的解决方案开发，涉及算法实现与程序调试。,1.0
165,2026-07-22,12:47:51,开发,正在使用代码编辑器（VS Code）编写和调试C++代码，代码中包含函数定义（如dfs、work、main）、循环输入处理、数据结构操作等逻辑，属于软件开发中的编码或问题解决阶段，可能涉及项目或算法实现任务。,1.0
166,2026-07-22,12:48:51,开发,正在使用代码编辑器（VS Code）编写或调试C++程序，代码中包含深度优先搜索（DFS）函数实现、数据初始化及输入处理逻辑，属于软件开发中的代码编写与调试任务，可能用于实现项目中的算法或功能模块。,1.0
167,2026-07-22,12:49:51,运维,正在管理系统后台的SMTP邮箱配置，进行服务器地址、端口、发件邮箱等参数的设置，属于邮件服务相关的系统配置任务，以完成邮件发送功能的配置。,1.0
168,2026-07-22,12:50:51,开发,正在浏览绿豆蛙日报助手的下载页面，页面展示软件下载使用信息，右侧代码编辑器中存在相关代码文件，属于开发过程中查看工具或资源的行为。,1.0
169,2026-07-22,12:51:51,开发,正在使用代码编辑器编辑网页代码（login.html），并查看验证码邮件以完成登录或验证相关步骤，属于网站前端开发任务。,1.0
170,2026-07-22,12:52:51,开发,正在处理网站后台路由配置问题，通过编辑后端代码（app.py）添加/admin路由重定向逻辑，并执行Docker部署命令，解决访问/admin页面失败的问题，属于后端开发中的路由调试与修复任务。,1.0
171,2026-07-22,12:53:51,开发,正在通过代码编辑器修改后端应用代码，解决管理后台路径访问问题。具体是对应用的路由配置进行调整，添加/admin路径重定向到/superadmin路径，以修复原路径被删除后导致的访问异常。当前代码中已实现相关重定向逻辑，并准备重新部署应用以验证修复效果。,1.0
172,2026-07-22,12:54:51,开发,正在使用代码编辑器开发网页应用，编辑index.html文件，涉及用户管理界面的样式和结构编写，属于Web前端开发工作，当前在处理用户列表等管理功能的前端代码。,1.0
173,2026-07-22,12:55:51,开发,当前正在开发Web管理后台系统，界面展示用户管理、SMTP配置等功能模块，右侧代码编辑器中编辑HTML代码，并文档说明新增了“管理安装包”功能，包含API接口（如获取、上传、设置当前、删除安装包的接口）及部署命令（Docker compose指令），属于Web应用开发任务，正在实现功能模块并编写相关代码。,1.0
174,2026-07-22,12:56:51,开发,正在开发AI日报助手相关网站，涉及用户管理后台界面开发，代码中实现登录、用户列表等功能，并文档记录新增管理安装包功能（含API接口与部署命令），属于Web前端开发任务，正在处理用户管理模块的代码实现与功能文档编写。,1.0
175,2026-07-22,12:57:51,其他,无法识别工作内容,1.0
176,2026-07-22,12:58:51,开发,当前正在开发一个Web管理后台系统，具体任务为用户管理模块的前端开发与功能实现。界面左侧显示管理后台的用户列表界面，右侧为代码编辑器（显示HTML/JavaScript代码）及API文档，内容涉及用户数据展示、管理安装包功能（包括上传、设置当前版本等操作）及对应的API接口。当前进展包括已完成用户列表展示，新增管理安装包功能，并准备通过Docker命令进行重新部署。,1.0
177,2026-07-22,12:59:51,开发,当前正在开发Web应用的管理后台系统，界面包含用户管理、SMTP配置等模块，代码中实现用户登录、状态切换等逻辑，并新增了管理安装包功能，涉及API接口和Docker部署命令，属于前端与后端结合的管理模块开发工作。,1.0
178,2026-07-22,13:00:51,其他,无法识别工作内容,1.0
179,2026-07-22,13:01:51,开发,当前正在开发Web应用的管理后台系统，涉及用户管理、SMTP配置等模块，正在处理新增的“管理安装包”功能，包括API接口定义（如获取、上传、设置当前、删除安装包的接口）以及部署命令（如Docker Compose的构建命令），正在编辑后台的HTML代码并查看功能文档，推进管理后台的开发工作。,1.0
180,2026-07-22,13:02:51,开发,当前正在开发Web应用的后台管理系统，涉及用户管理、SMTP配置等功能模块，右侧代码编辑器中编辑HTML代码，文档中展示新增的“管理安装包”功能及相关API接口和部署命令，属于Web前端开发与后端接口开发工作，进展包括完成代码编写和功能文档整理。,1.0
181,2026-07-22,13:03:51,开发,当前正在开发一个Web管理后台系统，左侧为系统管理界面（显示用户管理、SMTP配置、用户列表等），右侧为代码编辑器（编辑index.html）及功能文档（描述新增“管理安装包”功能，包含API接口和部署命令），属于前端开发与系统功能实现工作。,1.0
182,2026-07-22,13:04:51,开发,正在开发AI日报助手的管理后台系统，当前正在编辑前端代码（index.html），实现用户管理、SMTP配置等功能，并新增管理安装包功能，包含API接口文档及Docker部署命令，属于Web应用开发任务。,1.0
183,2026-07-22,13:05:51,开发,当前正在开发Web管理后台系统，左侧展示管理后台的用户管理界面（包含用户列表、状态统计等），右侧代码编辑器中编辑index.html文件，实现用户登录、状态管理等功能逻辑，同时右侧还展示了API接口文档（如安装包管理接口）及部署命令（Docker Compose指令），属于Web应用的后端/前端开发工作，正在进行功能实现与代码调试。,1.0
184,2026-07-22,13:06:51,开发,当前正在开发Web应用的管理后台系统，涉及用户管理、SMTP配置等模块，正在查看和编辑前端代码（index.html），并参考文档了解新增的“管理安装包”功能，包括API接口和部署命令，属于Web应用开发中的功能实现与文档核对阶段。,1.0
185,2026-07-22,13:07:51,开发,"当前正在开发Web管理后台系统，负责用户管理及安装包管理功能。界面左侧显示管理后台的用户列表及统计信息，右侧代码编辑器中编辑HTML和JavaScript代码，文档部分说明已完成新增""管理安装包""功能，包含API接口（如获取、上传、设置当前、删除安装包）及部署命令，当前处于代码调试或功能实现阶段，准备重新部署以验证功能。",1.0
186,2026-07-22,13:08:51,开发,当前正在开发AI日报助手的管理后台，涉及用户管理、SMTP配置等功能模块。正在编写前端代码（index.html），并文档化新增的“管理安装包”功能，包括功能描述、API接口（如获取/上传/设置/删除安装包的接口）以及Docker部署命令，推进项目功能开发与文档同步。,1.0
187,2026-07-22,13:09:51,其他,无法识别工作内容,1.0
188,2026-07-22,13:10:51,开发,正在开发Web应用的管理后台系统，包含用户管理、SMTP配置等功能模块。当前正在编辑前端代码（index.html），并查看项目文档（如新增功能说明、API接口、部署指令等），涉及用户列表展示、状态管理、功能模块开发等工作内容。,1.0
189,2026-07-22,13:11:51,开发,"当前正在开发一个管理后台系统，界面展示用户管理、SMTP配置等功能模块，右侧代码编辑器中编辑index.html文件，文档中描述了新增的""管理安装包""功能，包含API接口和部署命令，属于Web应用前端开发与功能实现任务。",1.0
190,2026-07-22,13:12:51,开发,正在开发Web管理后台系统，当前任务为实现用户管理功能（包括用户列表展示、状态管理）及新增'管理安装包'功能，涉及HTML代码编写、API接口开发，并准备通过Docker部署。代码编辑器中正在调试index.html页面，右侧文档详细说明新增功能的技术实现及部署步骤。,1.0
191,2026-07-22,13:13:51,其他,无法识别工作内容,1.0
192,2026-07-22,13:14:51,开发,当前正在开发Web管理后台系统，左侧显示用户管理、SMTP配置等管理界面，右侧代码编辑器中编辑HTML文件，包含API接口说明和部署指令，属于前端开发任务，正在实现用户管理、系统配置等功能模块。,1.0
193,2026-07-22,13:15:51,开发,正在开发Web应用的管理后台，界面包含用户管理、统计信息展示，右侧代码编辑器中编辑index.html文件，文档中描述了新增的“管理安装包”功能及相关API接口，涉及前端代码编写和功能实现。,1.0
194,2026-07-22,13:16:51,开发,当前正在开发“绿豆蛙日报助手”的管理后台网页，界面包含用户管理、SMTP配置等功能模块，右侧代码编辑器中展示HTML代码及API接口文档，同时有Docker部署命令，表明正在进行前端页面开发及后端接口相关的代码编写与文档整理工作，推进管理后台功能实现。,1.0
195,2026-07-22,13:17:51,开发,当前正在开发管理系统后台，涉及用户管理、SMTP配置等功能模块，正在编写前端代码（如index.html），并实现管理安装包相关功能，包括API接口和部署操作。界面显示有代码编辑器中编辑HTML代码，右侧文档详细说明新增功能（如管理安装包页面、API接口等），以及重新部署的命令。,1.0
196,2026-07-22,13:18:51,开发,当前正在开发Web应用的后台管理系统，左侧展示用户管理、SMTP配置等模块及用户列表，右侧代码编辑器中编辑index.html文件并查看新增的“管理安装包”功能文档，包含API接口（如获取、上传、设置当前、删除安装包的接口）及部署命令（如docker-compose up --build -d），任务方向为后台系统功能开发，进展包括完成管理安装包功能的设计与文档编写，准备后续部署。,1.0
197,2026-07-22,13:19:51,开发,正在开发管理后台系统，界面包含用户管理、SMTP配置等功能模块，右侧显示HTML代码编辑器和功能文档，文档中描述了新增的“管理安装包”功能，包括API接口和部署命令，属于Web应用开发任务，涉及前端代码编写与功能文档编写。,1.0
198,2026-07-22,13:20:51,开发,正在开发AI日报助手相关Web应用，界面包含用户管理、SMTP配置等后台功能，右侧显示代码编辑器（index.html代码）及功能文档，涉及管理安装包功能开发，包含API接口说明（如获取/上传安装包等）和部署命令（sudo docker-compose up --build -d），当前已完成管理安装包功能开发，文档记录功能细节及API调用方式。,1.0
199,2026-07-22,13:21:51,开发,正在开发AI日报助手相关网页，编辑index.html代码，涉及新增管理安装包功能，包含API接口说明（如获取、上传、设置当前、删除安装包的接口）以及部署命令（docker-compose up --build -d），同时查看后台管理界面以验证功能实现。,1.0
200,2026-07-22,13:22:51,开发,当前正在开发管理后台系统，界面左侧展示用户管理、SMTP配置等功能模块，右侧代码编辑器中编写HTML与JavaScript代码，文档部分介绍了新增的“管理安装包”功能及对应的API接口和部署命令，属于Web应用的后端及前端开发工作，涉及用户管理、功能模块实现及API开发。,1.0
201,2026-07-22,13:23:51,开发,正在开发Web应用管理后台，界面展示用户管理、SMTP配置等功能模块，右侧代码编辑器中编辑HTML代码，并配有新增功能（如管理安装包）的文档说明，包含API接口和部署命令，属于Web应用后端/前端开发任务。,1.0
202,2026-07-22,13:24:51,开发,正在开发AI日报助手的管理后台网页，涉及用户管理、SMTP配置等功能模块，正在编写HTML代码并文档说明新增的“管理安装包”功能，包括功能描述、API接口（如获取、上传、设置当前、删除安装包的接口）以及部署命令（如Docker命令）。工作进展包括完成代码编写和功能文档整理，准备部署或测试。,1.0
203,2026-07-22,13:25:51,开发,当前正在开发Web应用的管理后台系统，界面左侧为管理后台界面（包含用户管理、SMTP配置、用户列表等模块），右侧为代码编辑器（编辑index.html文件）及功能文档，文档中描述了新增“管理安装包”功能，包含API接口（如获取、上传、设置当前、删除安装包）及部署命令（sudo docker-compose up --build -d），属于Web应用后端或前端开发工作，涉及功能实现与文档编写。,1.0
204,2026-07-22,13:26:51,其他,无法识别工作内容,1.0
205,2026-07-22,13:27:51,开发,当前正在开发Web管理后台系统，界面展示用户管理、SMTP配置等功能模块，右侧代码编辑器中编写或调试index.html代码，文档说明新增了管理安装包功能，包含API接口和部署命令，属于Web前端开发工作。,1.0
206,2026-07-22,13:28:51,开发,当前正在开发管理后台系统，左侧展示用户管理、SMTP配置等模块及用户列表，右侧为前端代码（index.html）及功能文档，文档中描述了新增'管理安装包'功能，包含API接口（如获取、上传、设置当前、删除安装包的接口）和部署命令（docker-compose up --build -d），表明正在进行网页前端代码编写及后端功能实现，属于Web应用开发任务。,1.0
207,2026-07-22,13:29:51,开发,当前正在开发Web管理后台系统，界面左侧显示管理后台（用户管理、SMTP配置等模块），右侧代码编辑器中编辑HTML代码，同时查看API接口文档（如安装包相关接口），并准备通过Docker命令部署。工作涉及前端页面开发与后端API对接，当前处于代码编写与文档核对阶段，进展为完成部分功能代码编写，准备部署。,1.0
208,2026-07-22,13:30:51,开发,正在开发AI日报助手相关网站，涉及代码编写（HTML、JavaScript等），实现用户管理、SMTP配置等功能，并文档化新增的“管理安装包”功能，包括API接口定义和部署命令。,1.0
209,2026-07-22,13:31:51,开发,正在开发Web管理后台系统，界面包含用户管理、SMTP配置等功能模块，右侧代码编辑器中编写HTML和JavaScript代码，文档中说明新增“管理安装包”功能，包括API接口和部署命令，属于Web应用开发任务。,1.0
210,2026-07-22,13:32:51,开发,当前正在开发Web管理后台系统，界面包含用户管理、SMTP配置等功能模块，右侧代码编辑器中编辑index.html文件，同时查看新增的“管理安装包”功能文档，文档中包含功能描述、API接口（如获取/上传/设置/删除安装包的接口）以及Docker部署命令，属于Web前端开发与后端功能文档的整理工作，进展为完成代码编写并整理功能说明文档。,1.0
211,2026-07-22,13:33:51,开发,当前正在开发一个管理后台系统，界面包含用户管理、SMTP配置等功能模块，右侧代码编辑器中编写HTML代码，并文档说明新增的“管理安装包”功能，包括API接口和部署命令，属于网站后端开发任务。,1.0
212,2026-07-22,13:34:51,开发,正在开发管理安装包功能，涉及前端代码编写（显示HTML代码及交互逻辑），后端API接口设计（如获取、上传、设置当前、删除安装包的接口），并整理功能说明文档，包括功能点（上传、添加版本说明、设为当前、下载、删除安装包）及部署命令（sudo docker-compose up --build -d）。同时，左侧管理后台界面展示功能实现效果，如用户管理、SMTP配置及用户列表等模块的运行状态。,1.0
213,2026-07-22,13:35:51,开发,正在开发Web应用的后台管理系统，左侧为管理后台界面（用户管理、SMTP配置等模块），右侧代码编辑器中编辑HTML代码，文档中描述了新增的“管理安装包”功能（含API接口和部署命令），属于Web前端与后端集成开发任务，正在实现后台管理模块的功能实现与代码编写。,1.0
214,2026-07-22,13:36:51,开发,正在开发AI日报助手的管理后台，包含用户管理、SMTP配置等功能模块，当前正在编辑前端代码（index.html），并查看功能说明文档，文档中描述了新增的“管理安装包”功能及相关API接口，正在进行代码实现与功能文档核对。,1.0
215,2026-07-22,13:37:51,开发,当前正在开发Web管理后台系统，界面显示用户管理、SMTP配置等功能模块，右侧代码编辑器中编辑index.html文件，同时查看新增功能（如管理安装包）的文档描述、API接口及部署命令，属于前端开发与后端接口对接的工作，当前处于代码调试与功能文档核对阶段，以完善用户管理模块的交互逻辑。,1.0
216,2026-07-22,13:38:51,开发,正在开发一个Web管理后台系统，界面左侧显示用户管理、SMTP配置等模块及用户列表，右侧有代码编辑器（index.html）和功能说明文档，文档中描述了新增的“管理安装包”功能，包含API接口和部署命令，属于前端开发与功能实现工作。,1.0
217,2026-07-22,13:39:51,开发,正在开发AI日报助手网站，当前界面左侧为管理后台界面（显示用户管理、SMTP配置、用户列表等），右侧为代码编辑器（显示index.html代码）及功能文档，文档中描述新增“管理安装包”功能，包含API接口（如获取、上传、设置当前、删除安装包的接口）和部署命令（sudo docker-compose up --build -d），任务涉及网站功能开发与代码实现。,1.0
218,2026-07-22,13:40:51,开发,当前正在开发AI日报助手的管理后台系统，界面左侧展示管理后台的统计信息（如用户数、正常用户数等）及用户列表，右侧为代码编辑器和功能文档。文档中详细描述了新增的“管理安装包”功能，包括API接口（如获取、上传、设置当前、删除安装包）及重新部署命令（如docker-compose up），代码部分涉及页面加载、用户状态管理、标签切换等逻辑实现。,1.0
219,2026-07-22,13:41:51,开发,正在开发Web管理系统（如“绿豆蛙日报助手”管理后台），左侧为管理后台界面（用户管理、SMTP配置等），右侧为代码编辑器（显示JavaScript代码）及功能文档，文档说明新增“管理安装包”功能，包含API接口和部署命令，属于前端/后端开发任务，正在实现系统功能并编写相关代码。,1.0
220,2026-07-22,13:42:51,开发,当前正在开发管理后台的安装包管理功能，界面左侧显示用户管理后台，右侧代码编辑器中编写前端代码，文档中详细说明新增功能（如上传安装包、设置当前版本等操作）及对应的API接口和部署命令（如Docker部署指令）。,1.0
221,2026-07-22,13:43:51,开发,正在开发AI日报助手网站，涉及用户管理、SMTP配置功能，已完成管理安装包功能开发，包括编写相关前端代码（如处理用户登录、状态切换等逻辑）、文档说明新增功能（如上传、设置当前版本等操作），并提供API接口及Docker部署指令。,1.0
222,2026-07-22,13:44:51,开发,当前正在开发AI日报助手网站，编辑管理后台相关代码，同时查阅功能实现文档，涉及用户管理、SMTP配置等模块的开发，并参考API接口和部署指令，推进网站功能实现。,1.0
223,2026-07-22,13:45:51,开发,当前正在开发AI日报助手相关网站，左侧为用户管理后台界面（显示用户数据、状态及操作按钮），右侧为代码编辑器（编辑index.html）及功能文档（描述新增的“管理安装包”功能，包括API接口和部署命令，属于Web前端开发工作，正在实现后台管理功能。,1.0
224,2026-07-22,13:46:51,开发,"当前正在开发AI日报助手的管理后台系统，界面包含用户管理、SMTP配置等功能模块，右侧代码编辑器中展示index.html代码及相关功能说明，已完成新增""管理安装包""功能，包含API接口（如获取、上传、设置当前、删除安装包的接口）及部署命令，正在进行系统功能实现与文档编写。",1.0
225,2026-07-22,13:47:51,开发,正在开发AI日报助手的管理后台系统，涉及用户管理、SMTP配置等模块，当前正在编写与“管理安装包”功能相关的代码（如前端交互逻辑），并整理功能文档，包括API接口说明和部署指令，推进系统功能实现。,1.0
226,2026-07-22,13:48:51,开发,当前正在开发AI日报助手网站，涉及用户管理后台界面开发，代码编写（如index.html），并整理功能文档，包括新增管理安装包功能、API接口说明及部署命令，正在实现用户管理、SMTP配置等模块，并完善功能文档。,1.0
227,2026-07-22,13:49:51,开发,正在开发Web应用管理后台，涉及用户管理、SMTP配置等功能模块。当前正在编辑index.html代码，文档中说明新增了'管理安装包'功能，包含API接口（如获取/上传/设置当前/删除安装包的接口）及部署命令（如sudo docker-compose up --build -d），属于系统功能开发与文档同步的任务，推进项目功能实现。,1.0
228,2026-07-22,13:50:51,其他,无法识别工作内容,1.0
229,2026-07-22,13:51:51,开发,当前正在开发Web管理后台系统，界面包含用户管理、SMTP配置等功能模块，右侧显示代码编辑器和功能说明文档，正在实现新增“管理安装包”功能，涉及API接口定义（如获取、上传、设置当前、删除安装包的接口）以及部署命令（如Docker Compose命令），同时进行代码调试和功能文档编写。,1.0
230,2026-07-22,13:52:51,开发,当前正在开发一个后台管理系统，界面展示用户管理、SMTP配置等功能模块，右侧代码编辑器中编辑前端代码（index.html），同时查看文档说明新增的“管理安装包”功能，包含API接口（如获取、上传、设置当前、删除安装包的接口）和部署指令（如Docker命令），属于Web前端开发与后端功能实现相关工作，进展中已实现部分功能并整理技术文档。,1.0
231,2026-07-22,13:53:51,开发,正在开发AI日报助手相关功能，具体为新增管理安装包功能，包括编写相关代码、编写功能文档（涵盖功能描述、API接口及部署命令），当前已完成功能开发并整理文档，准备部署。,1.0
232,2026-07-22,13:54:51,其他,无法识别工作内容,1.0
233,2026-07-22,13:55:51,开发,当前正在开发AI日报助手的管理后台系统，涉及用户管理、SMTP配置等功能模块，右侧显示代码编辑器（编辑index.html文件）及功能说明文档，包括用户列表展示、状态管理、API接口（如获取安装包列表、上传安装包等）及重新部署命令，正在实现前端界面与后端功能集成。,1.0
234,2026-07-22,13:56:51,开发,正在开发一个Web应用的管理后台系统，界面显示用户管理、SMTP配置等功能模块，右侧代码编辑器中编辑HTML代码，同时查看API接口文档，进行功能实现与调试。,1.0
235,2026-07-22,13:57:51,开发,正在开发Web管理后台系统，涉及用户管理、SMTP配置等功能，当前正在编写或调试后台代码，并查看新增的‘管理安装包’功能文档，文档中包含API接口说明和部署命令。,1.0
236,2026-07-22,13:58:51,开发,当前正在开发Web应用（AI日报助手介绍网站），左侧为管理后台界面（用户管理、SMTP配置等），右侧代码编辑器中展示前端代码（index.html）及新增功能（如管理安装包）的API接口和部署命令，正在编写、调试前端代码以实现后台管理功能。,1.0
237,2026-07-22,13:59:51,开发,正在开发Web应用管理后台系统，涉及用户管理、SMTP配置等模块，当前正在编写代码并文档化新增的“管理安装包”功能，包括功能描述、API接口（如获取、上传、设置当前、删除安装包的接口）以及部署命令（如Docker Compose指令），推进系统功能实现。,1.0
238,2026-07-22,14:00:51,开发,当前正在开发AI日报助手管理后台系统，涉及用户管理、SMTP配置等功能模块，右侧代码编辑器中编辑HTML代码，同时查看文档了解新增的「管理安装包」功能（包含上传、设置当前、下载、删除安装包等API接口及部署命令），正在处理前端代码与功能文档的核对及开发工作。,1.0
239,2026-07-22,14:01:51,开发,当前正在开发AI日报助手的管理后台，涉及前端代码编写（编辑index.html）及功能文档编写，包括新增管理安装包功能、API接口说明与部署指令，同时管理后台展示用户管理、SMTP配置等模块，推进Web应用的开发与功能实现。,1.0
240,2026-07-22,14:02:51,开发,正在开发AI日报助手网站，涉及用户管理、SMTP配置等模块，正在实现管理安装包功能，编写相关代码并整理功能文档，包括API接口说明和部署指令。,1.0
241,2026-07-22,14:03:51,开发,当前正在开发AI日报助手相关网站，界面右侧显示代码编辑器（编辑index.html文件）及功能文档，涉及用户管理、SMTP配置等模块开发，新增管理安装包功能，包含API接口说明和部署命令（如sudo docker-compose up --build -d），属于Web前端与后端相关开发工作。,1.0
242,2026-07-22,14:04:51,开发,当前正在开发Web管理后台系统，界面展示用户管理、SMTP配置等功能模块，右侧代码编辑器中编辑index.html文件，同时查看新增的“管理安装包”功能文档，包含API接口（如获取、上传、设置当前、删除安装包的接口）以及部署命令（sudo docker-compose up --build -d），正在进行功能开发与文档整理，推进系统管理功能（如安装包管理）的开发进度。,1.0
243,2026-07-22,14:05:51,开发,当前正在开发一个Web管理系统（绿豆蛙日报助手），界面左侧显示用户管理后台（包含用户列表、统计信息等），右侧有代码编辑器（编辑index.html）及功能文档，涉及用户管理、SMTP配置等模块开发，正在实现或维护系统功能，包括新增管理安装包功能、编写API接口文档及部署相关命令。,1.0
244,2026-07-22,14:06:51,开发,正在开发AI日报助手相关网站，编写前端代码（如index.html），实现管理安装包功能，文档中包含API接口说明（如获取安装包列表、上传安装包、设置当前版本、删除安装包等接口），以及部署命令（docker-compose up）,1.0
245,2026-07-22,14:07:51,开发,正在开发AI日报助手相关网站，当前界面左侧为管理后台界面（显示用户管理、SMTP配置等模块及用户列表），右侧为代码编辑器（编辑index.html文件）和功能说明文档，涉及用户管理模块的代码编写及新增“管理安装包”功能（包括API接口定义和部署命令）。,1.0
246,2026-07-22,14:08:51,开发,当前正在开发Web应用的管理后台系统，左侧为管理后台界面（包含用户管理、SMTP配置、用户列表等模块），右侧为代码编辑器（显示index.html代码）及项目文档（包含新增的“管理安装包”功能说明、API接口定义及部署命令），属于Web应用后端管理模块的开发与文档同步工作，正在编写前端代码并参考文档完成功能实现。,1.0
247,2026-07-22,14:09:51,开发,当前正在开发AI日报助手的管理后台系统，界面包含用户管理、SMTP配置等功能模块，右侧代码编辑器中展示HTML代码及新增的“管理安装包”功能相关内容，包括API接口和部署命令，属于前端开发与功能实现工作。,1.0
248,2026-07-22,14:10:51,开发,正在开发Web应用的后台管理系统，界面展示用户管理、SMTP配置等功能模块，右侧代码编辑器中编辑HTML代码，文档中描述了新增的“管理安装包”功能，包含API接口和部署命令，属于Web前端与后端接口开发工作。,1.0
249,2026-07-22,14:11:51,开发,当前正在开发AI日报助手的管理后台系统，涉及前端代码编写（如index.html的JavaScript逻辑），同时整理功能文档，包括新增的管理安装包功能（如上传、添加说明、设为当前版本、下载、删除安装包），以及API接口说明和部署命令（如docker-compose up --build -d）。工作内容围绕Web应用的开发与文档编写，属于开发方向。,1.0
250,2026-07-22,14:12:51,其他,无法识别工作内容,1.0
251,2026-07-22,14:13:51,开发,正在开发AI日报助手管理后台系统，左侧为管理后台界面（含用户管理、SMTP配置、用户列表等模块），右侧为代码编辑器（显示HTML代码）及功能文档，文档中详细说明新增的“管理安装包”功能，包括API接口（如获取、上传、设置当前、删除安装包）和部署命令（docker-compose up），推进系统功能完善，涉及前端代码编写与后端功能文档撰写。,1.0
252,2026-07-22,14:14:51,开发,"当前正在开发AI日报助手的管理后台系统，涉及用户管理、SMTP配置等模块，正在编辑前端代码（index.html），同时整理功能文档，包括新增的""管理安装包""功能说明、API接口定义，以及部署命令，推进系统开发进度。",1.0
253,2026-07-22,14:15:51,开发,当前正在开发AI日报助手相关网页应用，界面左侧为管理后台系统（包含用户管理、SMTP配置、用户列表等功能模块），右侧为代码编辑器（显示index.html前端代码）及功能文档。文档中说明新增了“管理安装包”功能，包含上传、添加说明、设为当前版本、下载、删除安装包等操作，并提供了API接口（如获取、上传、设置当前、删除安装包的接口），以及重新部署的Docker命令。正在编写前端代码并整理功能文档，推进项目开发进度。,1.0
254,2026-07-22,14:16:51,开发,正在开发AI日报助手管理后台，涉及用户管理、SMTP配置等模块，当前正在编写HTML代码实现用户登录、状态管理等功能，同时文档记录新增的安装包管理功能及相关API接口，并准备通过Docker命令进行部署。,1.0
255,2026-07-22,14:17:51,开发,当前正在开发Web管理后台系统，页面左侧为管理后台界面（用户管理、SMTP配置等），右侧显示代码编辑器（index.html代码）及功能说明文档，正在实现管理安装包相关功能，包括编写代码、查看API接口及部署指令，属于网站后端开发任务。,1.0
256,2026-07-22,14:18:51,开发,正在开发管理系统（绿豆蛙日报助手），左侧为管理后台界面（用户管理、SMTP配置等），右侧显示代码编辑器（index.html代码）及新增功能文档（如管理安装包功能，包含上传、添加版本、设为当前版本、下载、删除安装包等，以及对应的API接口和部署命令。正在处理系统功能开发，包括代码编写、功能实现与文档整理。,1.0
257,2026-07-22,14:19:51,开发,当前正在开发AI日报助手相关网页系统，界面左侧为管理后台界面（显示用户管理、SMTP配置及用户列表），右侧为代码编辑器（显示index.html代码及API接口说明），已完成新增“管理安装包”功能，包含上传、设置当前、下载、删除安装包等操作，以及对应API接口，并准备通过`sudo docker-compose up --build -d`命令重新部署。,1.0
258,2026-07-22,14:20:51,开发,当前正在开发Web管理后台系统，左侧为用户管理、SMTP配置等管理功能界面，右侧为代码编辑器（显示index.html代码）及API接口文档，涉及用户列表展示、状态管理等功能开发，正在编写和调试代码以实现管理后台的核心功能。,1.0
259,2026-07-22,14:21:51,开发,正在开发AI日报助手管理后台，负责用户管理、SMTP配置等模块，当前聚焦实现管理安装包功能，包括新增API接口（如获取、上传、设置当前及删除安装包）及部署命令，代码编辑器中展示前端页面逻辑（如用户列表、功能切换等）。,1.0
260,2026-07-22,14:22:51,开发,正在开发AI日报助手管理后台系统，当前正在编辑前端代码（index.html），实现管理安装包功能，涉及上传、设置当前版本、下载、删除安装包等操作，并查看相关API接口及部署命令。,1.0
261,2026-07-22,14:23:51,开发,正在开发管理系统（绿豆蛙日报助手）的后台功能，界面显示用户管理、SMTP配置等模块，右侧代码编辑器中编辑index.html文件，实现管理安装包功能，包含API接口定义（如获取、上传、设置当前、删除安装包的接口）及部署命令，当前任务为完善功能代码，进展包括新增管理安装包功能，已编写相关逻辑并准备部署。,1.0
262,2026-07-22,14:24:51,开发,正在开发Web应用管理后台，界面中可见代码编辑器编辑HTML代码，文档部分描述了新增的“管理安装包”功能，包含API接口和部署命令，涉及用户管理、SMTP配置等模块的前端开发与功能实现工作。,1.0
263,2026-07-22,14:25:51,开发,当前正在开发Web管理后台系统，界面包含用户管理、SMTP配置等模块，右侧显示HTML代码及新增“管理安装包”功能的实现细节（如API接口、部署命令），涉及用户列表展示、功能逻辑编写等开发任务，推进系统功能迭代。,1.0
264,2026-07-22,14:26:51,开发,正在开发管理后台系统，当前正在编辑index.html代码，查看新增的“管理安装包”功能相关API接口（包含获取、上传、设置当前、删除安装包的接口），并准备通过Docker Compose命令进行重新部署，同时管理后台界面展示用户管理、SMTP配置等功能模块，用户列表中已有账户信息。,1.0
265,2026-07-22,14:27:51,开发,"当前正在开发Web管理后台系统，界面包含用户管理、SMTP配置等功能模块，右侧代码编辑器中正在编写与""管理安装包""相关的HTML代码，文档中详细描述了新增功能（如上传安装包、设为当前版本等）及API接口（如获取、上传、设置当前、删除安装包），并提供了重新部署的Docker命令，属于Web应用开发中的功能实现与文档编写阶段。",1.0
266,2026-07-22,14:28:51,开发,当前正在开发AI日报助手的管理后台系统，涉及前端代码编写（如index.html相关代码）和功能文档编写，新增了管理安装包功能，包含API接口（如获取、上传、设置当前、删除安装包的接口）以及部署命令（如docker-compose up --build -d），同时管理后台展示用户列表、用户统计等信息。,1.0
267,2026-07-22,14:29:51,开发,正在开发AI日报助手相关功能，具体为管理安装包模块，涉及代码编写（如页面逻辑实现）、API接口设计（提供安装包列表、上传、设置当前、删除等接口），以及部署相关操作（如Docker容器部署命令）。已完成管理安装包功能开发，包括上传、添加说明、设为当前、下载、删除等操作，并准备重新部署系统。,1.0
268,2026-07-22,14:30:51,开发,正在开发管理后台系统，界面显示用户管理、SMTP配置等功能模块，右侧代码编辑器中编写index.html代码，并文档记录新增的「管理安装包」功能，包括API接口和部署命令，属于系统功能实现与代码开发工作。,1.0
269,2026-07-22,14:31:51,开发,当前正在开发AI日报助手的管理后台系统，界面包含用户管理、SMTP配置等功能模块，右侧显示代码编辑器（编辑index.html）及项目文档，文档中包含新增功能说明（如管理安装包功能）及API接口信息，正在进行代码编写或功能开发工作。,1.0
270,2026-07-22,14:32:51,开发,正在开发AI日报助手相关网站，左侧为管理后台界面（包含用户管理、SMTP配置等功能模块），右侧显示代码编辑器（编辑index.html）及功能文档，文档中包含新增功能（如管理安装包）的说明、API接口定义等，属于网站前端/后端开发工作，涉及用户管理、功能模块实现等任务。,1.0
271,2026-07-22,14:33:51,其他,无法识别工作内容,1.0
272,2026-07-22,14:34:51,开发,当前正在开发Web管理后台系统，左侧为管理后台操作界面（用户管理、SMTP配置等），右侧为代码编辑器（显示index.html代码）及功能文档，文档中描述了新增的“管理安装包”功能，包含API接口（如获取、上传、设置当前、删除安装包的接口）及部署命令（docker-compose相关），正在完成前端代码编写与功能文档同步，推进管理后台的功能开发。,1.0
273,2026-07-22,14:35:51,开发,当前正在开发一个管理后台系统，界面包含用户管理、SMTP配置等功能模块，右侧代码编辑器中显示index.html文件内容，涉及用户登录、页面切换逻辑，同时文档部分描述了新增的“管理安装包”功能，包括API接口（如获取、上传、设置当前、删除安装包）以及重新部署命令（docker-compose up --build -d），表明正在实现后台系统的功能开发与文档编写，属于Web应用开发任务。,1.0
274,2026-07-22,14:36:51,开发,"正在开发网页管理后台系统，界面包含用户管理、SMTP配置等功能模块，右侧显示HTML代码及新增的""管理安装包""功能相关API接口和部署命令，涉及用户数据展示、功能模块开发及API接口设计。",1.0
275,2026-07-22,14:37:51,开发,当前正在开发Web管理后台系统，界面包含用户管理、SMTP配置等功能模块，右侧代码编辑器中编辑index.html文件，同时查看API接口文档和部署相关说明，属于Web应用开发任务，进展包括完成用户管理页面开发，新增管理安装包功能，并准备重新部署。,1.0
276,2026-07-22,14:38:51,开发,当前正在开发Web应用的管理后台系统，涉及用户管理、SMTP配置等模块的前端代码编写（如HTML、JavaScript），以及新增管理安装包功能，包含用户列表展示、状态管理、API接口设计（如获取/上传安装包列表等）和部署命令，代码中实现了页面切换、用户数据加载等逻辑，文档中详细说明了新增功能的实现细节和API调用方式。,1.0
277,2026-07-22,14:39:51,开发,当前正在开发AI日报助手的管理后台系统，涉及用户管理、SMTP配置等功能模块，正在编写前端代码（显示index.html代码）并同步更新功能文档，文档中描述了新增的「管理安装包」功能，包括API接口（如获取/上传/设置当前/删除安装包的接口）及部署命令（sudo docker-compose up --build -d），属于网站开发中的功能实现与文档编写工作。,1.0
278,2026-07-22,14:40:51,开发,"当前正在开发AI日报助手的管理后台，涉及前端代码编写（如用户管理、SMTP配置等模块的JavaScript实现），同时整理功能文档，包括新增的""管理安装包""功能描述、API接口（如获取安装包列表、上传安装包等）以及部署指令（Docker命令）。正在处理用户管理模块的代码调试和功能实现，并同步更新相关技术文档。",1.0
279,2026-07-22,14:41:51,其他,无法识别工作内容,1.0
280,2026-07-22,14:42:51,开发,正在开发AI日报助手相关网站，左侧为管理后台界面（包含用户管理、SMTP配置等模块及用户列表），右侧为代码编辑器（显示index.html代码）及功能文档（描述新增管理安装包功能、API接口及部署命令），属于Web前端与后端开发工作，涉及界面实现、功能开发及文档编写。,1.0
281,2026-07-22,14:43:51,开发,当前正在开发Web应用管理后台系统，左侧为管理后台界面（含用户管理、SMTP配置、用户列表等模块），右侧代码编辑器中编辑index.html文件，文档中说明新增了“管理安装包”功能，包含API接口（如获取、上传、设置当前、删除安装包的接口）及部署命令（sudo docker-compose up --build -d），正在实现相关功能模块。,1.0
282,2026-07-22,14:44:51,开发,正在开发管理后台系统，当前任务涉及用户管理模块和新增的安装包管理功能。正在编辑HTML代码，查看API接口文档（包含获取安装包列表、上传安装包、设置当前版本、删除安装包等接口），并准备通过Docker命令进行系统部署。用户管理界面已实现用户列表展示，代码中包含页面切换逻辑和用户数据加载处理。,1.0
283,2026-07-22,14:45:51,开发,正在开发Web管理后台系统，界面包含用户管理、SMTP配置等功能模块，右侧代码编辑器中编辑index.html文件，文档中详细描述了新增的“管理安装包”功能（含API接口及部署命令），属于Web应用的后端管理功能开发任务。,1.0
284,2026-07-22,14:46:51,开发,当前正在开发Web管理后台系统，界面包含用户管理、SMTP配置等功能模块，右侧代码编辑器显示HTML代码，同时文档中详细说明新增的'管理安装包'功能，包括功能描述、API接口（如获取、上传、设置当前、删除安装包的接口）以及部署命令（如Docker Compose指令）。正在完成功能开发与文档编写，涉及前端代码编写、后端接口设计及系统部署说明。,1.0
285,2026-07-22,14:47:51,开发,当前正在开发Web应用的管理后台系统，编辑HTML代码，同时整理功能文档，涉及用户管理、SMTP配置等模块，新增了“管理安装包”功能，包含API接口和部署命令，属于前端开发与文档整理工作，推进系统功能实现。,1.0
286,2026-07-22,14:48:51,开发,正在编辑网页代码（index.html），同时查看后台管理系统（绿豆蛙日报助手）的功能文档。文档中详细描述了新增的'管理安装包'功能，包括API接口、部署命令以及功能实现细节，涉及用户管理、SMTP配置等模块的开发与维护工作。,1.0
287,2026-07-22,14:49:51,开发,当前正在开发Web应用的管理后台系统，左侧为管理后台界面（包含用户管理、SMTP配置、用户列表等模块），右侧为代码编辑器（显示index.html代码）及功能文档，文档中提及新增“管理安装包”功能，包含API接口（如获取、上传、设置当前、删除安装包的接口）和部署命令（如docker-compose up），正在处理代码编写与功能文档同步工作。,1.0
288,2026-07-22,14:50:51,开发,正在开发一个管理后台系统（绿豆蛙日报助手），编辑前端代码（index.html），同时查看系统功能文档，涉及新增的“管理安装包”功能，包含API接口说明和部署命令，属于系统功能开发与文档整理工作。,1.0
289,2026-07-22,14:51:51,开发,正在开发一个管理后台系统，当前界面左侧显示用户管理后台界面（包含用户列表、状态管理等），右侧为代码编辑器（展示index.html代码）及功能说明文档（新增管理安装包功能、API接口定义、部署命令），属于Web应用的后端/前端开发任务，聚焦用户管理模块的功能实现与代码编写。,1.0
290,2026-07-22,14:52:51,开发,当前正在开发AI日报助手相关功能，涉及代码编写（显示HTML代码）与功能文档编写（描述新增功能、API接口及部署命令），内容涵盖用户管理、SMTP配置等模块的开发与文档同步。,1.0
291,2026-07-22,14:53:51,开发,当前正在开发Web应用的管理后台，编辑HTML代码，实现用户管理、SMTP配置等功能，并新增管理安装包功能，包括上传安装包、添加版本说明、设为当前版本、下载和删除安装包等，同时涉及API接口和部署相关操作。,1.0
292,2026-07-22,14:54:51,开发,正在开发AI日报助手的管理后台，包含用户管理、SMTP配置等功能模块，当前正在编写相关代码并整理功能文档，涉及新增管理安装包功能，包括API接口和部署命令等内容，属于网站后台开发工作。,1.0
293,2026-07-22,14:55:51,开发,当前正在开发AI日报助手的管理后台系统，涉及前端代码编写（显示index.html代码）和功能文档编写，重点开发管理安装包功能，包括上传安装包、设置当前版本、下载安装包、删除安装包等操作，并配套API接口（如获取、上传、设置当前、删除安装包的接口），以及部署命令（docker-compose up）。界面同时展示用户管理、SMTP配置等模块，用户列表显示当前系统用户信息。,1.0
294,2026-07-22,14:56:51,开发,当前正在开发AI日报助手相关系统，左侧为管理后台界面（显示用户管理、SMTP配置等模块及用户列表），右侧为代码编辑器（编辑index.html文件）及功能文档（包含新增功能说明、API接口定义、部署命令等），正在进行前端代码编写及系统功能文档整理，属于Web应用开发方向，当前进展包括完成用户管理模块代码编写，并整理功能文档说明。,1.0
295,2026-07-22,14:57:51,开发,当前正在开发AI日报助手相关网站，左侧为管理后台界面（显示用户管理、SMTP配置等模块及用户列表），右侧代码编辑器中编辑index.html文件，文档中详细描述了新增的“管理安装包”功能（包括上传安装包、设为当前版本、下载安装包、删除安装包等操作），以及对应的API接口和部署命令，属于网站前端开发与功能实现工作。,1.0
296,2026-07-22,14:58:51,开发,当前正在开发Web管理后台系统，界面左侧展示用户管理、SMTP配置等管理功能界面，右侧显示代码编辑器（编辑index.html）及功能文档，文档中说明新增了“管理安装包”功能，包含API接口（如获取、上传、设置当前、删除安装包的接口）和部署命令（docker-compose命令），属于Web应用的后端或前端开发工作，涉及用户管理模块的实现与功能扩展。,1.0
297,2026-07-22,14:59:51,开发,正在开发管理系统（AI日报助手），涉及前端代码编写（显示HTML代码）与功能文档编写，当前聚焦管理安装包相关功能实现（如上传、设为当前版本等），同时查看代码与功能说明文档，进行开发与文档同步工作。,1.0
298,2026-07-22,15:00:51,开发,正在开发Web管理后台系统，界面左侧展示用户管理、SMTP配置等模块，右侧有HTML代码编辑器和功能文档，文档中详细描述了新增的“管理安装包”功能（含API接口及部署命令），属于Web应用的功能开发与代码实现工作。,1.0
299,2026-07-22,15:01:51,开发,正在开发AI日报助手管理后台，涉及用户管理、SMTP配置等模块，当前正在编写index.html代码，并整理功能文档，已完成管理安装包功能开发，包含API接口（如获取、上传、设置当前、删除安装包）及部署命令（如docker-compose up --build -d）。,1.0
300,2026-07-22,15:02:51,开发,正在开发AI日报助手网站，编辑HTML和JavaScript代码，实现管理安装包功能，包括API接口（如获取、上传、设置当前、删除安装包）及部署命令，同时查看后台管理界面，处理用户管理相关逻辑。,1.0
301,2026-07-22,15:03:51,开发,正在开发AI日报助手管理后台系统，涉及前端代码编写（如index.html相关代码）及功能实现文档编写，当前正在实现管理安装包功能，包含API接口设计、部署命令及功能说明文档。,1.0
302,2026-07-22,15:04:51,开发,正在开发一个名为'绿豆蛙日报助手'的管理后台系统，界面左侧显示用户管理、SMTP配置等模块及用户列表数据，右侧为代码编辑器（编辑index.html）及功能文档，文档说明新增了管理安装包功能，包含API接口和部署命令，属于Web应用开发任务。,1.0
303,2026-07-22,15:05:51,开发,当前正在开发AI日报助手的管理后台系统，界面包含用户管理、SMTP配置等功能模块，右侧显示前端代码（index.html）及功能说明文档，涉及用户列表展示、状态管理、功能新增（如管理安装包）等开发工作，代码中包含用户登录、页面切换逻辑，文档中描述了API接口和部署命令。,1.0
304,2026-07-22,15:06:51,开发,当前正在开发Web应用的后台管理系统，涉及代码编写（如HTML、JavaScript）及功能文档编写，实现管理安装包相关功能，包括API接口定义、部署指令等，属于Web应用功能模块开发与文档同步工作。,1.0
305,2026-07-22,15:07:51,开发,正在开发一个后台管理系统，界面左侧显示用户管理、SMTP配置等管理模块，右侧为代码编辑器（显示index.html代码）及功能文档，文档中包含新增的「管理安装包」功能说明、API接口及部署命令，属于Web应用开发与功能实现工作。,1.0
306,2026-07-22,15:08:51,开发,正在开发AI日报助手管理后台，涉及前端代码编写（如index.html相关代码），实现用户管理、SMTP配置等功能，并新增管理安装包功能，包含API接口和部署指令，属于网站开发与功能实现任务。,1.0
307,2026-07-22,15:09:51,开发,正在开发AI日报助手介绍网站，涉及前端代码编写（编辑index.html等文件），实现管理安装包功能，文档中包含新增功能说明、API接口定义（如获取、上传、设置当前、删除安装包的接口），以及部署命令（如docker-compose up），当前进展为完成功能开发并整理相关文档。,1.0
308,2026-07-22,15:10:51,开发,正在开发Web应用的后台管理系统，左侧为管理后台界面（显示用户管理、SMTP配置等模块及用户列表），右侧为代码编辑器（编辑index.html文件，包含JavaScript代码）及功能文档（描述新增“管理安装包”功能，包含API接口和部署命令，涉及用户管理、功能实现及代码调试等开发任务。,1.0
309,2026-07-22,15:11:51,开发,正在开发Web应用的后台管理系统，当前聚焦于管理安装包功能模块，界面左侧展示用户管理、SMTP配置等后台管理界面，右侧显示相关HTML代码及功能说明文档，包含API接口定义和部署命令，已完成功能开发并准备部署。,1.0
310,2026-07-22,15:12:51,开发,正在开发AI日报助手相关项目，当前界面左侧为管理后台界面（显示用户管理、SMTP配置及用户列表等），右侧为代码编辑器（编辑index.html文件）及项目文档，文档中说明新增了“管理安装包”功能，包含功能描述、API接口（如获取安装包列表、上传等接口）及重新部署命令（如docker-compose up），属于Web应用的后端或前端开发工作，涉及代码编写与功能文档整理。,1.0
311,2026-07-22,15:13:51,开发,正在开发Web管理后台系统，具体任务是在管理后台中新增‘管理安装包’功能，涉及HTML代码编写、API接口设计以及部署步骤。已完成代码修改，当前需要执行重新部署操作。工作方向为Web应用开发，属于后台管理系统功能开发。,1.0
312,2026-07-22,15:14:51,开发,正在开发管理后台系统，右侧代码编辑器中编辑index.html文件，同时查看API接口文档和部署指令，处理用户管理、SMTP配置等功能模块的实现与维护工作。,1.0
313,2026-07-22,15:15:51,开发,当前正在开发AI日报助手的管理后台系统，界面左侧展示用户管理、SMTP配置等模块及用户列表，右侧展示相关HTML代码及新增功能（如管理安装包）的详细说明，包括API接口和部署指令，属于网页开发与功能实现工作。,1.0
314,2026-07-22,15:16:51,开发,当前正在开发AI日报助手相关网站，界面左侧为管理后台（包含用户管理、SMTP配置等模块），右侧显示代码编辑器和功能文档，文档中提及新增“管理安装包”功能，包含API接口（如获取、上传、设置当前、删除安装包）及重新部署命令，说明正在进行网站功能开发与文档同步，涉及前端代码编写、功能实现及API设计。,1.0
315,2026-07-22,15:17:51,开发,正在编辑Web管理后台的HTML和JavaScript代码，实现用户管理及新增的安装包管理功能，包含API接口定义和部署指令，属于网站后台系统开发任务。,1.0
316,2026-07-22,15:18:51,开发,当前正在开发Web管理后台系统，具体任务包括用户管理模块（显示用户列表、状态等）及新增的安装包管理功能，正在编辑index.html文件，查看相关JavaScript代码和API接口文档，准备部署应用。,1.0
317,2026-07-22,15:19:51,开发,当前正在开发Web管理后台系统，界面展示用户管理、SMTP配置等功能模块，右侧代码编辑器中编辑index.html文件，文档中详细描述了新增的“管理安装包”功能，包含API接口（如获取、上传、设置当前、删除安装包的接口）以及部署命令（如Docker命令），属于后端或全栈开发任务，涉及功能实现、文档编写和部署流程。,1.0
318,2026-07-22,15:20:51,开发,当前正在开发Web应用管理后台，具体任务为新增'管理安装包'功能，包括编写前端HTML代码、设计API接口（如获取、上传、设置当前、删除安装包的接口），以及准备部署指令（如Docker命令）。界面左侧显示用户管理数据，右侧为相关代码和文档，表明正在进行功能实现与开发工作。,1.0
319,2026-07-22,15:21:51,开发,当前正在开发Web管理后台系统，界面包含用户管理、SMTP配置等功能模块，右侧显示HTML代码及新增的“管理安装包”功能说明，包括API接口和部署命令，属于前端开发与系统功能实现工作。,1.0
320,2026-07-22,15:22:51,开发,"当前正在开发Web应用的管理后台系统，涉及用户管理、SMTP配置等功能模块，同时编写前端代码（index.html），并文档化新增的""管理安装包""功能，包括API接口定义和部署指令，属于Web应用开发任务，进展中已完成代码编写和部分功能文档整理。",1.0
321,2026-07-22,15:23:51,开发,当前正在开发AI日报助手的管理后台系统，编辑前端代码（index.html），文档中详细描述了新增的“管理安装包”功能，包含API接口（如获取、上传、设置当前、删除安装包的接口）以及部署命令，属于Web应用的后端/前端开发任务，正在实现用户管理、SMTP配置等模块的功能，当前代码涉及页面跳转、用户列表展示等逻辑。,1.0
322,2026-07-22,15:24:51,开发,当前正在开发一个名为“绿豆蛙日报助手”的管理后台系统，界面左侧展示用户管理、SMTP配置等功能模块及用户列表，右侧代码编辑器中编辑index.html文件，文档中详细描述了新增的“管理安装包”功能，包括API接口（如获取、上传、设置当前、删除安装包的接口）以及重新部署命令（sudo docker-compose up --build -d），任务涉及用户管理、功能开发及API设计，属于后端Web开发工作。,1.0
323,2026-07-22,15:25:51,开发,当前正在开发AI日报助手的管理后台系统，涉及用户管理、SMTP配置等功能模块，正在编写前端代码（如index.html），并文档记录新增的“管理安装包”功能，包括功能描述、API接口（如获取/上传/设置当前/删除安装包的接口）以及部署命令（Docker命令）。,1.0
324,2026-07-22,15:26:51,开发,正在开发AI日报助手网站，左侧为管理后台界面（包含用户管理、SMTP配置等模块，显示用户列表及统计信息），右侧为代码编辑器（编辑index.html文件，展示相关JavaScript代码），同时查看功能文档（如新增的“管理安装包”功能说明、API接口及部署指令，涉及用户管理、功能实现及系统部署相关工作）。,1.0
325,2026-07-22,15:27:51,其他,无法识别工作内容,1.0
326,2026-07-22,15:28:51,开发,当前正在开发AI日报助手的管理后台系统，涉及用户管理、SMTP配置等功能模块，正在编写前端代码并整理功能文档，新增了“管理安装包”功能，包含API接口定义和部署指令，属于网站开发与功能实现阶段，已完成功能开发文档编写，准备部署。,1.0
327,2026-07-22,15:29:51,开发,当前正在开发一个管理后台系统，左侧界面展示用户管理、SMTP配置等功能模块及用户列表，右侧代码编辑器中编辑index.html文件，包含用户登录、页面切换等逻辑代码，同时文档部分描述了新增的“管理安装包”功能，包括API接口和部署命令，正在进行前端页面开发及功能实现工作。,1.0
328,2026-07-22,15:30:51,开发,当前正在开发Web管理后台系统，界面包含用户管理、SMTP配置等功能模块，右侧代码编辑器中编辑index.html文件，文档中描述了新增的“管理安装包”功能，包含API接口和部署命令，属于Web应用开发任务，涉及前端代码编写和功能实现。,1.0
329,2026-07-22,15:31:51,开发,正在开发AI日报助手的管理后台系统，涉及前端代码编写（如用户管理、SMTP配置页面的HTML/CSS/JS代码调试），同时整理功能文档，包括新增的“管理安装包”功能说明、API接口定义（如获取安装包列表、上传安装包等接口），以及部署命令（如Docker Compose部署指令），推进管理后台的用户管理、配置功能开发及文档完善工作。,1.0
330,2026-07-22,15:32:51,开发,当前正在开发AI日报助手相关网站，涉及前端代码编写（显示index.html代码内容）及功能文档整理，已新增管理安装包功能，包含API接口说明与部署命令，正在进行代码调试或功能实现相关工作。,1.0
331,2026-07-22,15:33:51,开发,当前正在开发管理后台系统，涉及用户管理、SMTP配置等功能模块，正在编写前端代码（HTML）并实现管理安装包功能，包括API接口定义和部署相关操作，属于Web应用开发任务。,1.0
332,2026-07-22,15:34:51,开发,当前正在开发Web管理后台系统，界面展示用户管理、SMTP配置等功能模块，右侧代码编辑器中编辑HTML代码，并查看API接口文档及部署命令，属于前端开发相关工作，涉及用户管理、功能实现及文档编写。,1.0
333,2026-07-22,15:35:51,开发,当前正在开发一个Web应用的管理后台，界面包含用户管理、SMTP配置等功能模块，右侧代码编辑器中显示HTML和JavaScript代码，文档中详细记录了新增的'管理安装包'功能，包括API接口（如获取、上传、设置当前、删除安装包的接口）以及部署命令（docker-compose up），属于Web应用后端或前端开发任务，涉及功能实现与文档编写。,1.0
334,2026-07-22,15:36:51,开发,当前正在开发Web管理后台系统，涉及用户管理、SMTP配置等模块，正在编写前端代码（index.html），并文档化新增的「管理安装包」功能，包括API接口和部署命令，属于前端开发与系统功能实现工作，已完成代码编写和部分功能文档编写，下一步可能进行部署或测试。,1.0
335,2026-07-22,15:37:51,开发,"当前正在开发Web应用的管理后台系统，涉及用户管理、SMTP配置等模块，并新增了""管理安装包""功能。正在编写相关前端代码（如用户登录、状态切换逻辑）和整理功能文档，包括API接口说明（如安装包上传、设置当前版本等）及部署指令，属于Web后端开发任务，已完成功能开发，准备部署或测试。",1.0
336,2026-07-22,15:38:51,开发,当前正在开发AI日报助手相关网页应用，左侧为管理后台界面（显示用户管理、SMTP配置、用户列表等模块），右侧为代码编辑器（编辑index.html文件，包含用户登录、状态切换等逻辑代码）及功能文档（描述新增的“管理安装包”功能、API接口及重新部署命令）。任务涉及前后端开发，实现用户管理、功能模块（如安装包上传、管理）及API接口开发，当前进展包括代码编写和功能文档同步。,1.0
337,2026-07-22,15:39:51,开发,当前正在开发Web应用管理后台，涉及用户管理、SMTP配置模块，并新增管理安装包功能，包含API接口（如获取、上传、设置当前、删除安装包）及部署命令，正在编写/调试相关前端代码（代码编辑器中显示index.html的JavaScript逻辑）。,1.0
338,2026-07-22,15:40:51,其他,无法识别工作内容,1.0
339,2026-07-22,15:41:51,文档,正在查看AcKing算法实验室暑假集训相关文档，内容涵盖集训目的、内容、安排及竞赛成果，用于了解算法集训的具体信息。,1.0
340,2026-07-22,15:42:51,学习,正在阅读一篇关于CPU i7-6950X的技术文章，内容涉及该处理器的性能参数、平台分析以及市场价值评估，属于技术资讯学习或产品知识了解任务。,1.0
341,2026-07-22,15:43:51,产品,正在阅读关于吉利银河TT的汽车产品分析文章，内容涉及价格策略、竞品（如星途ES、MG07、风云A9等）对比，分析市场环境对银河TT价格的影响，以及银河TT起售价的推测，属于产品市场调研与竞品分析任务。,1.0
342,2026-07-22,15:44:51,运维,正在为电脑硬件配置电源，选择650瓦的余辉铜魔750型号，属于电脑硬件维护与组装相关的任务。,1.0
343,2026-07-22,15:45:51,开发,正在编辑网页代码，实现管理安装包功能，包含API接口设计和代码逻辑，同时涉及部署相关操作，属于前端开发任务，聚焦功能新增与接口开发。,1.0
344,2026-07-22,15:46:51,文档,正在阅读关于汽车行业发布会策略及成本分析的文档，内容涉及车企召开发布会的方式、案例（如吉利系的多场发布会），以及市场宣发费用的估算，属于行业研究类文档阅读。,1.0
345,2026-07-22,15:47:51,开发,正在开发Web应用，聚焦管理安装包功能，涉及代码编写（如用户登录逻辑、管理员页面交互处理）及文档整理，包含安装包管理的API接口（上传、设置当前版本、删除等）和部署命令（docker-compose指令），推进功能实现与文档同步。,1.0
346,2026-07-22,15:48:51,开发,正在编辑网页代码，进行网站功能开发，涉及管理安装包、API接口设计及部署相关内容，代码中包含用户登录、页面切换等逻辑，以及API调用和页面交互的实现。,1.0
347,2026-07-22,15:49:51,开发,当前正在编辑网页代码（index.html），内容涉及实现管理安装包功能，包括API接口定义（如GET、POST、DELETE请求处理）以及部署相关命令（如docker-compose指令），属于网站功能开发与部署准备阶段。,1.0
348,2026-07-22,15:50:51,开发,当前正在编辑网页代码（index.html），内容涉及AI日报助手网站的页面设计，包括管理安装包功能、API接口定义以及部署命令，属于网站开发工作，正在处理前端代码和功能实现相关内容。,1.0
349,2026-07-22,15:51:51,产品,正在展示或说明围绕NVIDIA 5090公版显卡构建的硬件设备，属于产品开发中针对显卡适配的机器构建方案说明，聚焦于硬件产品的设计与构建方向。,1.0
350,2026-07-22,15:52:51,产品,正在分析或讨论公版显卡的透风设计相关内容，属于产品技术或设计方向的工作。,1.0
351,2026-07-22,15:53:51,产品,正在展示或评测Fractal Design Ridge机箱，属于产品相关的工作内容，聚焦于机箱的外观、型号等特性展示。,1.0
352,2026-07-22,15:54:51,生活,正在处理个人电脑硬件（显卡）的散热方案选择，决定不采用水冷方式。,1.0
353,2026-07-22,15:55:51,产品,正在执行电脑硬件组装任务，具体为主板安装，属于电脑产品制造流程，当前主板安装过程顺利。,1.0
354,2026-07-22,15:56:51,产品,正在分析产品设备（白色主机设备）的问题，排查故障点，属于产品测试或问题解决阶段。,1.0
355,2026-07-22,15:57:51,产品,正在检查电脑硬件（显卡）安装后的空间余量，验证设备安装后的空间布局，属于硬件配置或产品测试中的安装验证任务。,1.0
356,2026-07-22,15:58:51,产品,正在分析9RA风扇的扇叶结构设计，关注双段曲率等技术参数细节。,1.0
357,2026-07-22,15:59:51,产品,正在展示或设计显卡的散热系统及硬件结构，属于产品相关的工作内容，可能用于产品演示或设计验证。,1.0
358,2026-07-22,16:00:51,运维,正在安装电脑CPU散热器，属于IT设备硬件维护任务，检查散热器尺寸适配性，进行设备组装或升级操作。,1.0
359,2026-07-22,16:01:51,产品,正在分析电脑主机散热方案，讨论从底部和IO档板进行排风的方案，属于产品硬件优化任务，用于评估散热效果。,1.0
360,2026-07-22,16:02:51,产品,正在展示或分析电脑机箱的散热结构，具体说明气流从IO档板排出的设计，属于产品相关的工作内容。,1.0
361,2026-07-22,16:03:51,产品,正在对某个产品进行演示或测试，展示产品功能，属于产品相关的工作任务，当前处于演示阶段，引导用户体验产品。,1.0
362,2026-07-22,16:04:51,产品,正在展示并介绍麦趣鸡盒5.0产品，说明这是目前团队最费心设计的机型，属于产品评测或推广工作，记录产品展示的进展和内容。,1.0
363,2026-07-22,16:05:51,运维,正在通过终端执行Docker容器部署命令（如docker-compose up -d），结合代码编辑器中的项目文件，进行系统服务启动或部署操作，属于容器化应用的运维任务。,1.0
364,2026-07-22,16:06:51,开发,正在使用Visual Studio Code开发Python应用，代码中实现报告生成和上传功能（包含report_generated、upload_report等函数），当前遇到Git操作时无法访问GitHub仓库的连接问题，界面显示错误提示，正在查看错误详情以解决网络连接问题。,1.0
365,2026-07-22,16:07:51,开发,正在使用Visual Studio Code编辑Python代码，代码涉及报告生成及上传报告的功能实现，当前遇到Git无法访问GitHub仓库的连接问题，正在处理代码开发中的技术问题。,1.0
366,2026-07-22,16:08:51,开发,正在检查电子设备硬件组件（如电路板上的散热片、电容器等元件），对硬件设计或调试进行确认。,1.0
367,2026-07-22,16:09:51,产品,正在讨论电脑配置方案中显卡的选型规划，属于产品方案制定工作，涉及多个显卡方案的选择与说明。,1.0
368,2026-07-22,16:10:51,产品,正在对水冷设备（可能为散热组件）的外观进行评价或设计讨论，内容涉及产品外观的审美判断。,1.0
369,2026-07-22,16:11:51,产品,正在查看或分析2080Ti显卡的接口配置情况，属于产品技术细节的检查或展示。,1.0
370,2026-07-22,16:12:51,测试,正在对主板进行功能测试，检查前置USB3.0接口是否存在，属于硬件功能测试任务。,1.0
371,2026-07-22,16:13:51,开发,正在使用代码编辑器（如VS Code）编写Python代码，处理报告生成和上传功能，涉及数据处理、文件操作等开发任务，当前代码中包含报告生成逻辑和文件创建相关实现。,1.0
372,2026-07-22,16:14:51,开发,正在使用代码编辑器（如VS Code）编写与报告上传相关的后端代码，涉及数据处理、文件操作等逻辑，属于软件开发中的功能实现任务，当前代码中包含报告生成和上传的处理函数，正在处理数据验证、文件路径创建等步骤。,1.0
373,2026-07-22,16:15:51,开发,当前正在使用代码编辑器（如VS Code）编写后端代码，代码中包含报告生成、上传报告等功能模块的实现，涉及数据处理、路由定义及错误处理逻辑，属于Web应用后端开发任务。,1.0
374,2026-07-22,16:16:51,开发,正在使用代码编辑器（VS Code）编写后端代码，具体处理报告生成和用户上传报告的业务逻辑，涉及数据验证、用户信息处理、文件目录创建等后端开发任务，属于项目中的报告管理模块开发。,1.0
375,2026-07-22,16:17:51,开发,正在使用代码编辑器（VS Code）编写和调试Python代码，实现报告上传功能，包括数据验证、用户处理及文件目录操作等逻辑。,1.0
376,2026-07-22,16:18:51,开发,当前正在使用代码编辑器（VS Code）开发Python应用，代码中实现报告上传功能，包含数据处理、用户信息验证、文件夹创建等逻辑，属于后端开发任务，正在处理报告生成和上传的业务逻辑。,1.0
377,2026-07-22,16:19:51,开发,正在编辑后端代码，实现用户报告上传功能，包含数据解析、用户验证、文件系统操作等逻辑，处理报告提交的流程。,1.0
378,2026-07-22,16:20:51,开发,当前正在使用代码编辑器进行软件开发，终端显示文件访问错误信息，通过聊天工具沟通技术问题（如GitHub连接异常），属于项目开发过程中的问题排查与沟通。,1.0
379,2026-07-22,16:21:51,开发,正在使用代码编辑器（VS Code）编辑Python代码，处理报告生成及上传功能，当前遇到Git访问SSL超时错误，正在调试代码中的数据验证、文件操作等逻辑。,1.0
380,2026-07-22,16:22:51,开发,正在使用代码编辑器（VS Code）编写和调试Python后端代码，具体任务涉及处理用户报告上传逻辑，包括数据验证、用户信息处理和文件系统操作。当前遇到Git仓库访问错误，但代码编辑和调试工作正在进行中，属于后端功能开发阶段。,1.0
381,2026-07-22,16:24:51,开发,正在使用代码编辑器开发Web应用后端代码，实现报告生成与上传功能，当前遇到Git访问SSL连接超时错误，正在处理版本控制相关的问题，代码涉及用户数据验证、文件目录创建等后端业务逻辑实现。,1.0
382,2026-07-22,16:25:51,开发,正在调试Python项目中的报告上传功能代码，处理用户请求、用户验证及文件操作逻辑，当前遇到主文件路径错误（文件不存在），正在进行问题排查。,1.0
383,2026-07-22,16:27:51,开发,正在使用代码编辑器（如VS Code）编写Python代码，实现报告上传和处理功能，同时通过终端执行版本控制操作（如git pull、status等），属于后端软件开发工作，当前任务聚焦于处理用户上传报告的业务逻辑，包括数据验证、用户管理、文件存储等模块的代码编写与调试。,1.0
384,2026-07-22,16:28:51,开发,正在查看关于SSH方式访问GitHub的代理配置技术文档，文档中包含Git配置命令示例（如代理设置），同时在聊天工具中讨论与代理配置相关的问题，如连接异常等。,1.0
385,2026-07-22,16:33:51,开发,正在通过终端执行Git配置命令（如设置/移除代理）并使用代码编辑器编写或调试与报告上传相关的Python代码，涉及版本控制配置和后端逻辑开发。,1.0
386,2026-07-22,16:34:51,开发,正在编辑Python代码，处理报告生成和上传功能，涉及用户数据验证、用户创建、文件夹操作等逻辑实现，属于软件开发中的功能模块开发或维护任务。,1.0
387,2026-07-22,16:35:51,开发,正在编辑Python后端代码，处理报告生成和上传功能逻辑，终端执行Git操作（如配置代理、克隆项目仓库），属于项目开发中的代码编写与版本控制工作。,1.0
388,2026-07-22,16:36:51,开发,正在使用代码编辑器编写Python后端代码，实现报告上传等API功能，通过终端执行版本控制操作（如git配置、克隆仓库），属于后端软件开发任务。,1.0
389,2026-07-22,16:42:51,运维,正在管理后台中处理应用安装包的上传与管理任务，查看已上传的安装包列表，进行版本设置或删除等操作，属于服务器应用部署与维护工作。,1.0
390,2026-07-22,16:43:51,沟通,正在使用聊天工具进行工作沟通，讨论技术相关事项（如设备、系统等），属于项目或任务中的协作环节。,1.0
391,2026-07-22,16:44:51,沟通,正在通过聊天工具沟通作业相关事宜，讨论作业提交状态，并传输作业文档（算法设计与分析.docx）,1.0
392,2026-07-22,16:45:51,开发,当前正在操作工作日报助手的注册界面，输入邮箱等信息，同时右侧有代码编辑器打开，显示代码文件，属于软件开发或系统管理相关的工作场景，准备使用工具记录工作内容。,1.0
393,2026-07-22,16:46:51,开发,当前正在处理开发类工作，界面显示代码编辑器和聊天工具，专注时长统计显示今日专注时长261分钟，其中开发类专注225分钟，表明主要投入于开发任务，可能涉及代码编写或技术问题讨论。,1.0
394,2026-07-22,16:47:51,数据分析,正在查看个人工作活动统计，包括今日专注时长及各类型工作（开发、沟通、生活等）的专注时间分布，用于分析工作投入情况。,1.0
395,2026-07-22,16:48:51,沟通,正在通过即时通讯工具进行工作技术问题的讨论，涉及高级算法等主题，属于项目或学习中的技术交流环节。,1.0
396,2026-08-13,22:30:55,数据分析,正在使用数据助手工具分析当前屏幕画面，系统正在通过AI识别当前工作类型和内容，处于分析过程中，尚未完成结果输出。,0
